Name,Date time,Maximum Temperature,Minimum Temperature,Temperature,Wind Chill,Heat Index,Precipitation,Snow,Snow Depth,Wind Speed,Wind Direction,Wind Gust,Visibility,Cloud Cover,Relative Humidity,Conditions
Bangkok,1/1/2019,29.4,21.2,25.3,,30.5,0,,,17.6,110.63,,9.6,24,64.24,Clear
Bangkok,1/2/2019,30.2,22,25.7,,31,0,,,17.2,120.38,,9.7,34.3,60.71,Partially cloudy
Bangkok,1/3/2019,27.2,22.8,25.1,,28,0,,,20.2,181.21,,9.6,53.6,61.93,Partially cloudy
Bangkok,1/4/2019,28.6,23.8,26,,30.2,0,,,18.4,181.88,,9.3,55.5,65.1,Partially cloudy
Bangkok,1/5/2019,28.2,24.5,26.1,,30.3,0,,,17.6,93,44.6,8.6,64,70.55,Partially cloudy
Bangkok,1/6/2019,32.3,23.8,27.4,,37.4,2.01,,,9,252.87,35.3,7.5,55.8,77.64,"Rain, Partially cloudy"
Bangkok,1/7/2019,32.6,24.8,28.3,,38.6,0,,,16.8,194.21,,8,33.7,74.82,Partially cloudy
Bangkok,1/8/2019,31.4,24.5,27.8,,38.2,0.4,,,16.4,185.13,,7.7,41,82.74,"Rain, Partially cloudy"
Bangkok,1/9/2019,30.8,24.2,27.5,,36,0.07,,,25.2,192,,7.6,42.6,83.32,"Rain, Partially cloudy"
Bangkok,1/10/2019,32.3,25,28.3,,37.1,0,,,11.8,161.79,,7.7,44,78.14,Partially cloudy
Bangkok,1/11/2019,33.1,25,28.9,,38.2,0,,,14,209.13,,6.8,35.8,73.42,Partially cloudy
Bangkok,1/12/2019,34,25.5,29.6,,38.3,0,,,12.6,157.5,,7.4,22.6,69.68,Clear
Bangkok,01/13/2019,34,25.9,29.8,,37.4,0,,,16.2,155.71,,7.8,13.6,66.28,Clear
Bangkok,01/14/2019,34,26.2,29.7,,39,0,,,12,183,,7.3,18.4,70.84,Clear
Bangkok,01/15/2019,32,26.2,28.9,,36.8,0.3,,,12.6,178.17,,7.1,43.4,75.36,"Rain, Partially cloudy"
Bangkok,01/16/2019,33,26.7,29.2,,35.8,0,,,14.2,98.08,31.7,7.8,39.7,68.33,Partially cloudy
Bangkok,01/17/2019,33.3,25,28.8,,36.1,0,,,16.6,85.04,,9.1,27,62.03,Partially cloudy
Bangkok,01/18/2019,31,24.2,26.9,,33.4,0,,,18.7,173.13,,9.1,35.5,64.68,Partially cloudy
Bangkok,01/19/2019,32.2,23.8,27.7,,33.8,0,,,20.9,250.87,,8.7,29.6,63.32,Partially cloudy
Bangkok,01/20/2019,33.5,24.7,29.1,,36.9,0,,,12.2,219.88,,8.8,20.3,62.18,Clear
Bangkok,01/21/2019,33.9,25.5,29.2,,39.4,0,,,13.4,138.04,,7.9,27.7,67.46,Partially cloudy
Bangkok,01/22/2019,32.6,25.2,28.3,,35.5,0,,,23.7,108.52,,8.3,20.8,64.79,Clear
Bangkok,01/23/2019,32.8,23,27.7,,33.9,0,,,26.5,106.75,42.5,8.9,28.6,59.64,Partially cloudy
Bangkok,01/24/2019,33,22.4,27.6,,33.9,0,,,21,127.71,,8.8,14.5,50.91,Clear
Bangkok,01/25/2019,33.2,22,27.5,,33.9,0,,,17.6,87.38,,8.5,8.7,53.64,Clear
Bangkok,01/26/2019,31.3,22.8,27,,30.7,0,,,16.6,93.96,40.7,8.2,22.2,52,Clear
Bangkok,01/27/2019,31.6,23,26.7,,32.9,0,,,18.8,88.88,40.7,9,22.7,52.5,Clear
Bangkok,01/28/2019,32,20.8,26.7,,32.3,0,,,13,91.08,27.7,8.7,16.9,54.48,Clear
Bangkok,01/29/2019,33,22.2,27.5,,33.3,0,,,11.2,139.08,,7.9,11.9,53.57,Clear
Bangkok,01/30/2019,33.2,23.5,28.2,,35.8,0,,,13.2,194.79,,6.5,26,59.53,Partially cloudy
Bangkok,01/31/2019,33.9,25,29.2,,37.1,0,,,13,202.17,,6.6,35,66.69,Partially cloudy
Bangkok,2/1/2019,33.6,26,29.1,,37.1,0,,,13,117.74,,7.2,37.2,69.66,Partially cloudy
Bangkok,2/2/2019,33,25.2,28.8,,36.9,0,,,16.2,169.67,,7.9,36.9,73.86,Partially cloudy
Bangkok,2/3/2019,33.8,25.4,29.2,,38.9,0,,,15.8,182.25,,8.6,26.6,72.69,Partially cloudy
Bangkok,2/4/2019,34.5,26.8,29.9,,40.9,0,,,11.2,218.86,,9,28.3,73.21,Partially cloudy
Bangkok,2/5/2019,34.8,27,30,,41.6,0,,,18.8,182.17,,8.7,25.2,74.54,Partially cloudy
Bangkok,2/6/2019,32.8,27,29.4,,39.2,0,,,20.9,193.29,,8.6,40.9,76.79,Partially cloudy
Bangkok,2/7/2019,33.8,26.8,29.6,,40.2,0,,,15.6,185.08,,9,42.1,74.71,Partially cloudy
Bangkok,2/8/2019,34.5,26.8,29.7,,41.3,0,,,15.6,187.88,,8.8,39.8,75.54,Partially cloudy
Bangkok,2/9/2019,34.5,27,29.9,,42.7,0,,,16,183.88,,9.1,29.4,76.37,Partially cloudy
Bangkok,2/10/2019,34.8,27.2,30.1,,43,0,,,19.6,190,,9.4,23.7,75.93,Clear
Bangkok,2/11/2019,33.8,27.1,29.7,,40.7,7.15,,,18.2,203.88,,9,31,75.89,"Rain, Partially cloudy"
Bangkok,2/12/2019,34,25.3,29.6,,40.5,0,,,11.6,155.75,,8.5,29.1,70.81,Partially cloudy
Bangkok,02/13/2019,35,26.4,30.3,,39.8,0,,,15.1,219.7,31.7,7.4,20,67.04,Clear
Bangkok,02/14/2019,33.3,26,29.5,,39.1,0,,,18.2,187.79,,8.3,31.2,73.43,Partially cloudy
Bangkok,02/15/2019,33.5,26.8,29.4,,38.8,0,,,24.8,180.29,,8.5,37.5,73.41,Partially cloudy
Bangkok,02/16/2019,33.5,26.2,29.3,,37.7,0,,,20,180.71,,9.3,40.1,71.77,Partially cloudy
Bangkok,02/17/2019,32.5,27,29,,37.2,0,,,21.9,199.17,,9.4,40.7,71.16,Partially cloudy
Bangkok,02/18/2019,33.3,26.5,28.8,,38.2,63,,,20.9,180.04,42.5,9.3,36,72.91,"Rain, Partially cloudy"
Bangkok,02/19/2019,33,25,29,,38.1,0,,,18.2,175.46,37.1,9.5,29.2,71.09,Partially cloudy
Bangkok,02/20/2019,33.8,25.8,29.6,,37,0,,,16.6,182.65,,9.8,25.7,68.99,Partially cloudy
Bangkok,02/21/2019,34.5,26.5,29.7,,40.7,0,,,16.2,187.54,,9.6,28.7,72.34,Partially cloudy
Bangkok,02/22/2019,34.5,25.2,29.8,,39.2,0,,,19.2,166,38.9,9.9,20.3,69.5,Clear
Bangkok,02/23/2019,35.3,26,30.3,,41.1,0,,,19.6,184.75,,9.9,31.2,71.17,Partially cloudy
Bangkok,02/24/2019,34.5,27.5,30.1,,41.6,0.1,,,18.7,189.21,37.1,9.8,36.6,74.67,"Rain, Partially cloudy"
Bangkok,02/25/2019,34,27,29.9,,40.7,0,,,24.4,178.54,,9.7,34,74.84,Partially cloudy
Bangkok,02/26/2019,33.5,27.5,29.6,,38.8,0.1,,,23.5,187.79,,9.4,40.2,69.94,"Rain, Partially cloudy"
Bangkok,02/27/2019,33.5,25,29.4,,38.8,0,,,16.6,171.92,37.1,8.9,34.3,70.72,Partially cloudy
Bangkok,02/28/2019,33.8,26,29.6,,39.4,0,,,17.8,172.33,,8.9,35.7,71.36,Partially cloudy
Bangkok,3/1/2019,33.8,26,29.8,,39.7,0,,,19.2,172.08,,9.2,32.3,72.2,Partially cloudy
Bangkok,3/2/2019,34.5,27.7,30.4,,41.3,0,,,20,184.17,,9.4,27,70.93,Partially cloudy
Bangkok,3/3/2019,35.3,27.9,30.5,,40.6,0,,,21.7,195.25,,9.1,33.3,70.45,Partially cloudy
Bangkok,3/4/2019,34.5,28,30.3,,41.5,0,,,25.3,189.33,,9.6,33.8,71.96,Partially cloudy
Bangkok,3/5/2019,33.5,26.2,29.8,,38.1,0,,,25.8,175.67,,9.6,31.2,67.94,Partially cloudy
Bangkok,3/6/2019,35.5,25.2,30.2,,38.8,0,,,20.9,197.09,,9.8,27.3,66.3,Partially cloudy
Bangkok,3/7/2019,34.3,26.8,29.9,,38.2,0,,,17.4,188.5,,9.9,34.1,69.34,Partially cloudy
Bangkok,3/8/2019,34.5,26.2,29.9,,40.3,0,,,18.8,180.17,37.1,9.9,35.1,70.14,Partially cloudy
Bangkok,3/9/2019,33.8,26.8,29.7,,38.7,0,,,22.5,183.25,,10,29.3,70.89,Partially cloudy
Bangkok,3/10/2019,34.5,27,30,,41.4,0,,,18.8,183.38,,9.9,34.2,71.04,Partially cloudy
Bangkok,3/11/2019,35.3,25.8,29.9,,40.8,0,,,15.6,176.33,,9.7,31.8,71.77,Partially cloudy
Bangkok,3/12/2019,37.1,25.4,30.7,,39.9,0,,,16.2,189.29,,9.4,23.8,62.63,Clear
Bangkok,03/13/2019,36.3,25.7,30.5,,41.2,0,,,21.4,178.67,,9,26.1,69.48,Partially cloudy
Bangkok,03/14/2019,34.8,26.4,30.1,,40.8,0,,,19.6,177.13,,9.4,32.3,72.46,Partially cloudy
Bangkok,03/15/2019,35.3,27,30.6,,39.4,0,,,18.4,183.71,,10,31.3,67.56,Partially cloudy
Bangkok,03/16/2019,29.8,26.2,28.1,,35.3,7.29,,,19.6,156.96,,8.8,47,80.24,"Rain, Partially cloudy"
Bangkok,03/17/2019,34.8,25.2,29.6,,42.1,0,,,15.6,149.46,,8.3,29.3,75.37,Partially cloudy
Bangkok,03/18/2019,35.5,27.6,30.6,,42.3,0,,,23.1,179.29,,8.7,25.6,72.78,Partially cloudy
Bangkok,03/19/2019,35.5,27.9,30.9,,42.6,0,,,20,185.04,,8.9,31.9,69.8,Partially cloudy
Bangkok,03/20/2019,34.8,27.2,30.4,,43.1,0,,,22.1,179.17,,8.5,37.1,73.47,Partially cloudy
Bangkok,03/21/2019,36.3,27.2,30.6,,43.9,2,,,23.5,175.38,,9.1,34.3,74.05,"Rain, Partially cloudy"
Bangkok,03/22/2019,38.1,27.8,31.5,,45.6,0,,,19.2,187,,9.7,32.9,69.61,Partially cloudy
Bangkok,03/23/2019,37.5,27.9,31.3,,45,0,,,16.6,176.46,,9,29,72.2,Partially cloudy
Bangkok,03/24/2019,36.8,27.2,31,,43.5,0,,,23.9,162.17,,9.2,31.4,72.71,Partially cloudy
Bangkok,03/25/2019,30.5,27,28.5,,36.8,0.2,,,23.3,141.29,33.5,8.7,54.7,79.42,"Rain, Partially cloudy"
Bangkok,03/26/2019,36,26,30.2,,42.4,0,,,19.6,141.25,,9,43.6,73.49,Partially cloudy
Bangkok,03/27/2019,34.8,27,30.3,,42.5,0,,,22.8,204.04,,9.2,42.3,74.34,Partially cloudy
Bangkok,03/28/2019,36.5,27.8,31.1,,43.8,9,,,20.5,196.42,,9.2,40.5,70.99,"Rain, Partially cloudy"
Bangkok,03/29/2019,34.8,28,31.2,,43.1,0,,,21.3,183.54,,9.3,36.1,70.82,Partially cloudy
Bangkok,03/30/2019,35.5,28.1,31.1,,44.2,0,,,19.2,190.83,,9.7,41.8,75.17,Partially cloudy
Bangkok,03/31/2019,35.8,28,31,,46.4,0,,,25.1,173.21,40.7,9.7,39.3,71.88,Partially cloudy
Bangkok,4/1/2019,35.8,25,30.4,,43,0,,,19.6,143.79,,9.5,38.8,67.98,Partially cloudy
Bangkok,4/2/2019,35.3,25,30.1,,43.3,0,,,17.8,128.5,,9.3,40.8,71.95,Partially cloudy
Bangkok,4/3/2019,34.8,27,29.8,,41.5,66.7,,,18.7,157.54,,9.4,41.3,74.4,"Rain, Partially cloudy"
Bangkok,4/4/2019,35.8,26,30.4,,39.9,0,,,18.8,152.96,,9.1,40.8,65.37,Partially cloudy
Bangkok,4/5/2019,35.8,28,31.3,,43.9,0,,,21.3,174.5,,9.9,37.8,66.96,Partially cloudy
Bangkok,4/6/2019,35.8,27,30.7,,45.4,0,,,20,161.96,,9.8,43.4,72.4,Partially cloudy
Bangkok,4/7/2019,34.8,26.4,30.3,,43.7,1.24,,,22.7,182.79,,9.7,47.7,73.12,"Rain, Partially cloudy"
Bangkok,4/8/2019,35.8,25.2,30,,43.1,7.23,,,18.2,157.57,,8.4,47.2,73.7,"Rain, Partially cloudy"
Bangkok,4/9/2019,36.5,28.2,31.8,,44.3,0,,,20.9,182.04,,9.7,43.7,69.88,Partially cloudy
Bangkok,4/10/2019,36.8,29,32.2,,45.6,0,,,17.8,191.38,,10,42.6,69.19,Partially cloudy
Bangkok,4/11/2019,35.8,29,31.9,,46.7,0,,,22.7,188.33,,9.9,40.3,71.13,Partially cloudy
Bangkok,4/12/2019,36.5,29,32,,45.9,0,,,21.7,180.13,,9.8,40.9,70.17,Partially cloudy
Bangkok,04/13/2019,36,29.2,32,,46.4,0,,,21.3,178.08,,9.7,40.9,70.84,Partially cloudy
Bangkok,04/14/2019,36.8,28.8,32.1,,45.7,0,,,20.9,176.79,,9.9,36.2,69.41,Partially cloudy
Bangkok,04/15/2019,36.8,29.7,32.1,,48.1,0,,,22.1,190.21,,9.8,39.6,71.7,Partially cloudy
Bangkok,04/16/2019,36.2,29,32.2,,46.8,0,,,18.8,187.5,,10,40,72.2,Partially cloudy
Bangkok,04/17/2019,37.5,29.6,32.8,,49.1,0,,,21.3,188.79,,10,34.5,68.68,Partially cloudy
Bangkok,04/18/2019,36.5,30,32.7,,50.4,0,,,25.3,193.17,,9.8,37.8,73.5,Partially cloudy
Bangkok,04/19/2019,37.5,29.8,32.9,,48.1,0,,,21.9,190.58,,9.9,32.6,69.52,Partially cloudy
Bangkok,04/20/2019,39.3,30,33.4,,47.7,0,,,20,202.96,,10,25.3,65.56,Partially cloudy
Bangkok,04/21/2019,37.8,29.8,33.3,,51.1,0,,,19.6,181.63,,9.5,32.8,66.25,Partially cloudy
Bangkok,04/22/2019,36.5,30.5,32.8,,47.5,0,,,26.3,179.08,46.4,9.7,39.8,68,Partially cloudy
Bangkok,04/23/2019,36.8,25.2,30.8,,45,47.57,,,30.1,208.05,37.1,9.4,40.8,71.81,"Rain, Partially cloudy"
Bangkok,04/24/2019,37.8,29,33.1,,45.3,0,,,17.8,196.63,,9.9,32.1,64.95,Partially cloudy
Bangkok,04/25/2019,37.5,27.4,32,,51.4,65,,,34.8,185.04,81.7,9.5,34.8,72.19,"Rain, Partially cloudy"
Bangkok,04/26/2019,36.7,28.2,31.6,,47.8,7,,,22.3,156.08,,9.1,36.4,70.68,"Rain, Partially cloudy"
Bangkok,04/27/2019,36.4,27,31.4,,48.2,0,,,30,167.5,,9.8,38.3,72.16,Partially cloudy
Bangkok,04/28/2019,36,29,32.4,,43.7,0,,,20.9,199.13,,10,29.2,66.39,Partially cloudy
Bangkok,04/29/2019,36.5,28.2,32.4,,46.1,0,,,23.5,167.96,,9.9,31.4,69.85,Partially cloudy
Bangkok,04/30/2019,36.6,29.8,32.7,,46.4,0,,,21.3,204.58,,10,38.1,67.28,Partially cloudy
Bangkok,5/1/2019,37.4,27.8,32.5,,46.9,12.72,,,21.9,238.46,,10,33,64.04,"Rain, Partially cloudy"
Bangkok,5/2/2019,38,29.2,33.3,,46,0,,,20.5,226.29,,10,33,60.68,Partially cloudy
Bangkok,5/3/2019,38.6,30.2,33.5,,46.9,9,,,17,193.67,,10,41.7,64.06,"Rain, Partially cloudy"
Bangkok,5/4/2019,38.2,29.4,33.1,,47,33,,,13.4,205.46,,10,50.3,66.34,"Rain, Partially cloudy"
Bangkok,5/5/2019,37.1,29,32.5,,47.1,0,,,20,235.33,,10,33.5,65.83,Partially cloudy
Bangkok,5/6/2019,37.3,29.8,33.2,,46.7,0,,,20.5,233.83,,10,42,62.33,Partially cloudy
Bangkok,5/7/2019,37.1,29.2,32.5,,44.4,0,,,24.2,235.71,,9.9,38.7,61.42,Partially cloudy
Bangkok,5/8/2019,36.3,29,32.5,,44.3,0,,,22.1,235.42,38.9,9.8,35.2,61.32,Partially cloudy
Bangkok,5/9/2019,35.9,29.2,32.2,,43.2,0,,,23.1,242.79,33.5,9.6,37.3,61.79,Partially cloudy
Bangkok,5/10/2019,36,27.3,31.7,,42.2,28,,,24.1,216.17,63,9.3,46,64.24,"Rain, Partially cloudy"
Bangkok,5/11/2019,36.1,27.2,31.6,,44.5,0.8,,,17,218.58,,9.7,45.7,67.56,"Rain, Partially cloudy"
Bangkok,5/12/2019,35.2,26,30.6,,43.9,2.12,,,30.4,227.04,,9.4,49.2,70.73,"Rain, Partially cloudy"
Bangkok,05/13/2019,32.1,25.2,28.1,,39.2,7.65,,,15.5,193.22,42.5,8.9,53.4,80.48,"Rain, Partially cloudy"
Bangkok,05/14/2019,32.4,25.9,28,,38.5,20.42,,,23.2,230.54,,8.4,51.6,82.85,"Rain, Partially cloudy"
Bangkok,05/15/2019,35.1,26.1,30,,42.1,13.8,,,17.2,169.42,,8.5,46.2,75.22,"Rain, Partially cloudy"
Bangkok,05/16/2019,33.6,27.2,30.1,,40.3,12.31,,,18.4,182.96,,8.9,46.2,74.86,"Rain, Partially cloudy"
Bangkok,05/17/2019,35.5,27.5,31.5,,44.4,0.45,,,24.2,247.29,,9.5,40.1,66.57,"Rain, Partially cloudy"
Bangkok,05/18/2019,35.8,28.4,31.9,,42.6,0,,,18.4,224.04,,9.6,39.6,66.06,Partially cloudy
Bangkok,05/19/2019,37.3,28.8,32.9,,44.8,5.3,,,21.9,230.63,,9.7,30.2,62.7,"Rain, Partially cloudy"
Bangkok,05/20/2019,37.8,29.4,32.4,,47.6,0,,,24.5,201.13,,9.8,35.4,69.96,Partially cloudy
Bangkok,05/21/2019,36.9,28.2,31.9,,48.1,5.8,,,26.9,185.67,,9.5,32.1,70.24,"Rain, Partially cloudy"
Bangkok,05/22/2019,34.3,25,29.5,,41.4,16.4,,,15.2,250.79,,9.5,47.8,76.06,"Rain, Partially cloudy"
Bangkok,05/23/2019,34.8,25.2,28.7,,43.4,6.38,,,27.5,191.75,,8.9,46.7,81.19,"Rain, Partially cloudy"
Bangkok,05/24/2019,35,26,30,,43.7,5.59,,,29.5,202.92,,9,46.1,74.4,"Rain, Partially cloudy"
Bangkok,05/25/2019,35,27.8,31,,43.2,0,,,26.9,236.46,,9.9,36.3,69.91,Partially cloudy
Bangkok,05/26/2019,35.6,28,31.3,,44.1,0,,,42.3,222.54,64.8,10,41.6,68.53,Partially cloudy
Bangkok,05/27/2019,35,26.3,30.7,,43.7,31.07,,,22.8,216.96,,9.8,45.6,71.04,"Rain, Partially cloudy"
Bangkok,05/28/2019,34.3,25.8,29.9,,43.7,17.66,,,17.4,165.83,,9.7,48.1,77.42,"Rain, Partially cloudy"
Bangkok,05/29/2019,34.1,26,29.7,,42.6,22.91,,,19.2,163.58,,9.6,49.4,78.84,"Rain, Partially cloudy"
Bangkok,05/30/2019,30.5,25.8,27.8,,38,37.81,,,17.6,150.21,,9,53.3,88.08,"Rain, Partially cloudy"
Bangkok,05/31/2019,34.4,25.9,30.1,,42.6,18.66,,,18.8,153.46,,9.4,45.1,78.08,"Rain, Partially cloudy"
Bangkok,6/1/2019,34.9,27,31.1,,42.3,10.32,,,18,209.08,,9.5,46.3,71.27,"Rain, Partially cloudy"
Bangkok,6/2/2019,35.8,26.2,30.9,,44.3,65.81,,,28.1,174.75,,9.3,48.8,73.83,"Rain, Partially cloudy"
Bangkok,6/3/2019,35.5,27,30.8,,44.8,0.8,,,15.6,148.5,,9.9,43.3,72.75,"Rain, Partially cloudy"
Bangkok,6/4/2019,35.8,28.2,32.1,,47,1.48,,,18.8,176.83,,9.8,39.8,70.71,"Rain, Partially cloudy"
Bangkok,6/5/2019,35.5,27,30.1,,45.2,1.66,,,34.2,151.04,,9.7,46.7,81.9,"Rain, Partially cloudy"
Bangkok,6/6/2019,34.8,25.4,29.3,,45.8,25.55,,,18.4,164.08,,9.5,48.2,79.68,"Rain, Partially cloudy"
Bangkok,6/7/2019,33.4,26,28.2,,43.1,69.52,,,25.2,191.71,,8.9,50.3,86.17,"Rain, Partially cloudy"
Bangkok,6/8/2019,33.9,26,29.6,,42.8,5.04,,,22.3,141.57,,9.2,46.1,80.25,"Rain, Partially cloudy"
Bangkok,6/9/2019,34,26.1,29.5,,43.8,17.28,,,22.3,198.88,46.4,9.5,47.7,79.94,"Rain, Partially cloudy"
Bangkok,6/10/2019,33.5,27,30.2,,42.5,1,,,21.3,225.08,37.1,9.9,47.1,73.58,"Rain, Partially cloudy"
Bangkok,6/11/2019,31,26.2,28.4,,38.6,7.51,,,30.4,183.88,,9.2,48.1,82.94,"Rain, Partially cloudy"
Bangkok,6/12/2019,33.5,27.2,30.2,,42.5,0.3,,,24.1,184.83,,9.9,47.7,76.9,"Rain, Partially cloudy"
Bangkok,06/13/2019,34,26.9,30.6,,44,23,,,22.7,198.25,,9.7,47.4,74.42,"Rain, Partially cloudy"
Bangkok,06/14/2019,34.3,27.2,30.9,,44.3,0,,,21.9,216.13,,10,41.5,74.8,Partially cloudy
Bangkok,06/15/2019,34.8,27,30.8,,44.2,12.95,,,24.9,218.17,,9.6,42,74.02,"Rain, Partially cloudy"
Bangkok,06/16/2019,34.5,27,29.2,,41.7,16.64,,,16,186.75,,9.3,50,81.9,"Rain, Partially cloudy"
Bangkok,06/17/2019,30.8,27,28.8,,38.4,7.65,,,16.3,221.25,46.4,9.9,53.5,83.85,"Rain, Partially cloudy"
Bangkok,06/18/2019,33,28,30,,39.5,0,,,18.7,200.17,,10,52.5,72.87,Partially cloudy
Bangkok,06/19/2019,32.8,26.8,29.9,,40.3,2.28,,,21.4,196,50,10,49.6,74.21,"Rain, Partially cloudy"
Bangkok,06/20/2019,34,26,30.4,,42.5,0.2,,,18.8,204.71,,10,47.8,72.61,"Rain, Partially cloudy"
Bangkok,06/21/2019,35.4,27.8,31.8,,43.7,0,,,17,255.63,27.7,10,38.1,67.17,Partially cloudy
Bangkok,06/22/2019,36.5,28.8,32.1,,43.5,0,,,19.2,244.46,,10,31.9,66.55,Partially cloudy
Bangkok,06/23/2019,36.6,28.7,31.2,,44.7,21.94,,,16.2,200.7,,9.6,41.4,74.67,"Rain, Partially cloudy"
Bangkok,06/24/2019,33.7,26,29.5,,44,5.68,,,17.2,167.71,33.5,9.5,58,81.71,"Rain, Partially cloudy"
Bangkok,06/25/2019,32.8,25.8,28.9,,41.9,25.08,,,25.9,157.5,,9.6,51.2,83.11,"Rain, Partially cloudy"
Bangkok,06/26/2019,33,27.4,29.8,,40.6,1.7,,,26.3,226.46,25.9,10,44.6,75.67,"Rain, Partially cloudy"
Bangkok,06/27/2019,32.8,25,28.7,,38.2,13.76,,,20,246.46,,9.7,47.3,76.04,"Rain, Partially cloudy"
Bangkok,06/28/2019,32.8,26.1,29.1,,39.9,4.27,,,23.3,227.71,,9.6,55.8,77.19,"Rain, Partially cloudy"
Bangkok,06/29/2019,32,27.2,29.4,,37.3,1,,,25.5,218.08,42.5,9.8,51.8,73.44,"Rain, Partially cloudy"
Bangkok,06/30/2019,31.2,25.2,28.3,,37.5,11.51,,,13.8,211.29,,9.7,57.7,82.79,"Rain, Partially cloudy"
Bangkok,7/1/2019,32,25.8,28.7,,38.3,9.52,,,18.8,230.83,38.9,9.6,50.9,80.85,"Rain, Partially cloudy"
Bangkok,7/2/2019,33.8,27,29.7,,41.5,7.36,,,23.8,266.42,37.1,9.2,55.4,74.61,"Rain, Partially cloudy"
Bangkok,7/3/2019,28.7,25.3,26.6,,33.8,13.04,,,12.6,242.58,,7.8,61,90.41,"Rain, Partially cloudy"
Bangkok,7/4/2019,30.9,24.9,27.2,,38.3,12.36,,,29.6,210.58,57.6,9.1,64.4,85.41,"Rain, Partially cloudy"
Bangkok,7/5/2019,28,24.8,25.9,,32.7,12.32,,,42,185.25,66.6,9.1,58.2,91.97,"Rain, Partially cloudy"
Bangkok,7/6/2019,31.8,25,27.9,,38.7,11.69,,,22.5,158.38,50,9.3,46.9,83.26,"Rain, Partially cloudy"
Bangkok,7/7/2019,32.4,26.7,29.1,,38,0.06,,,18.5,250.04,,9.9,48.7,73.93,"Rain, Partially cloudy"
Bangkok,7/8/2019,33.8,28,30.5,,41.2,6,,,21.4,228.38,,10,47.1,71.57,"Rain, Partially cloudy"
Bangkok,7/9/2019,32.8,25.2,29.3,,38.9,17.91,,,22,225.71,,9.7,46.3,75.05,"Rain, Partially cloudy"
Bangkok,7/10/2019,32.8,25.5,29.4,,38.7,8.37,,,21.4,214.38,,10,45.3,74.47,"Rain, Partially cloudy"
Bangkok,7/11/2019,34.5,26.5,30.4,,39.7,0,,,18.8,225.63,,10,37.4,66.74,Partially cloudy
Bangkok,7/12/2019,35.5,26.8,30.7,,42.6,0,,,25.6,228.38,,9.9,34.9,65.78,Partially cloudy
Bangkok,07/13/2019,34.6,26.3,30.3,,41.6,43.93,,,23,238.63,46.4,9.6,40.4,70.64,"Rain, Partially cloudy"
Bangkok,07/14/2019,34.4,27.8,30.7,,39.3,0.4,,,35,260.71,40.7,10,43.6,62.52,"Rain, Partially cloudy"
Bangkok,07/15/2019,34.2,26.3,29.9,,40.7,27.81,,,33.2,235.21,,10,45.8,68.63,"Rain, Partially cloudy"
Bangkok,07/16/2019,34.5,26,30.3,,41.3,0,,,17,235.54,,10,36.7,69.42,Partially cloudy
Bangkok,07/17/2019,33.5,27.5,30.6,,40.5,0,,,20.9,221.17,37.1,10.1,42.9,67.7,Partially cloudy
Bangkok,07/18/2019,33.8,27.4,30.7,,40.7,0,,,22.1,216.29,,10.1,39.7,68.9,Partially cloudy
Bangkok,07/19/2019,34.3,24.7,30.5,,41.8,15,,,23.5,231.96,37.1,10,45.3,70.27,"Rain, Partially cloudy"
Bangkok,07/20/2019,34.3,25.4,29.5,,42.7,7.35,,,25.1,188.77,,9.8,45.9,79.1,"Rain, Partially cloudy"
Bangkok,07/21/2019,33.8,27.8,30.1,,41.3,0.13,,,20.9,195.29,40.7,10,46.1,73.04,"Rain, Partially cloudy"
Bangkok,07/22/2019,34.8,27,30.7,,42.5,0,,,17.8,205.83,,10,47.9,69.07,Partially cloudy
Bangkok,07/23/2019,34.5,23.9,29.6,,41.3,8.04,,,18.4,218.83,38.9,9.5,50.4,75.79,"Rain, Partially cloudy"
Bangkok,07/24/2019,32.8,27,29.2,,39,4.26,,,22.4,230.04,,9.9,53,77.18,"Rain, Partially cloudy"
Bangkok,07/25/2019,32.6,25,28.7,,38.3,11.69,,,29.6,227.42,,9.7,53.7,75.74,"Rain, Partially cloudy"
Bangkok,07/26/2019,32.9,25.9,29.1,,37.5,0.7,,,18.8,202.71,,9.8,48.6,74.32,"Rain, Partially cloudy"
Bangkok,07/27/2019,33.2,27.6,30.1,,37,0,,,19.6,255.54,,10,47.7,65.61,Partially cloudy
Bangkok,07/28/2019,34.5,27.5,30.8,,41,7,,,18.8,237.25,,9.9,47.4,66.3,"Rain, Partially cloudy"
Bangkok,07/29/2019,34,27.7,30.5,,39.4,2.21,,,29.7,256.08,50.7,10,45.2,62.52,"Rain, Partially cloudy"
Bangkok,07/30/2019,34,26.8,30.5,,38.4,0,,,25.5,261.92,44.6,10,38.6,60.3,Partially cloudy
Bangkok,07/31/2019,34,26.8,29.6,,37.5,0.73,,,40.6,262.79,66.6,9.9,45,64.69,"Rain, Partially cloudy"
Bangkok,8/1/2019,30.8,26.8,28.6,,35.1,1.62,,,29.7,240.63,38.9,9.9,51.4,69.01,"Rain, Partially cloudy"
Bangkok,8/2/2019,33,25.2,29.2,,37.2,0.44,,,33.8,263.17,38.9,9.9,51.5,65.64,"Rain, Partially cloudy"
Bangkok,8/3/2019,32,27,29.4,,35.6,0,,,34.5,252.33,56.2,10,50.3,66.25,Partially cloudy
Bangkok,8/4/2019,31,26,28.3,,35.5,1.26,,,21,246.75,,9.8,53.4,73.67,"Rain, Partially cloudy"
Bangkok,8/5/2019,32,24.8,27.9,,38,20.14,,,20.5,187.13,,9.7,58,81.65,"Rain, Partially cloudy"
Bangkok,8/6/2019,32.4,25.6,28.6,,38.9,6.64,,,16.8,228.63,,9.8,55.3,80.28,"Rain, Partially cloudy"
Bangkok,8/7/2019,31.7,25.7,28.5,,38.1,25.56,,,22,247.13,57.6,9.6,64.5,79.33,"Rain, Partially cloudy"
Bangkok,8/8/2019,31.8,25.8,28.6,,37.6,5.87,,,26.9,260.67,44.6,9.8,59.3,78.01,"Rain, Partially cloudy"
Bangkok,8/9/2019,32.3,26,28.6,,38.7,3.2,,,23.8,227.5,,9.5,55.3,80.29,"Rain, Partially cloudy"
Bangkok,8/10/2019,32.5,27,29.1,,40,0.71,,,29.1,210.08,,9.9,54.3,77.43,"Rain, Partially cloudy"
Bangkok,8/11/2019,32.8,27,29.3,,40.8,0.4,,,27.2,192.38,,10,52.2,77.1,"Rain, Partially cloudy"
Bangkok,8/12/2019,33.3,26.8,29.4,,40.3,0.1,,,25.5,206.13,,9.9,52.4,76.47,"Rain, Partially cloudy"
Bangkok,08/13/2019,32.1,26.8,29.4,,38.7,3,,,18.4,206.29,,10,56.3,76.37,"Rain, Partially cloudy"
Bangkok,08/14/2019,33.5,27,29.7,,40,1.14,,,17.6,230.88,,10,57.4,76.25,"Rain, Partially cloudy"
Bangkok,08/15/2019,34.1,27.4,30.3,,40.8,0,,,25.1,243.38,40.7,10,47.5,72.12,Partially cloudy
Bangkok,08/16/2019,34.5,26.7,30.3,,41.6,0.6,,,30.8,225,,9.8,44.9,73.63,"Rain, Partially cloudy"
Bangkok,08/17/2019,32.8,27.2,29.6,,40,12,,,23.1,212.25,,10,50.2,75.56,"Rain, Partially cloudy"
Bangkok,08/18/2019,33.5,26.8,30,,40.6,0,,,23.5,212.67,42.5,10,44.1,70.55,Partially cloudy
Bangkok,08/19/2019,34,27.8,30.4,,42.5,1.82,,,17.4,251.96,,10,45.4,70.32,"Rain, Partially cloudy"
Bangkok,08/20/2019,32.8,25.8,28.7,,40.1,18.29,,,21.9,215.08,38.9,9.7,55,80.34,"Rain, Partially cloudy"
Bangkok,08/21/2019,33,26,29.3,,39.2,2.53,,,24.9,214.67,,10,50.2,75.4,"Rain, Partially cloudy"
Bangkok,08/22/2019,32.8,25.2,28.9,,40.6,11.62,,,29.6,210.67,57.6,9.5,50.2,78,"Rain, Partially cloudy"
Bangkok,08/23/2019,32.1,26.2,29.2,,39,5.44,,,20.5,207.71,,10,51.2,80.7,"Rain, Partially cloudy"
Bangkok,08/24/2019,32.2,27.6,29.3,,39,2.17,,,25.6,239.63,46.4,9.8,55.1,74.71,"Rain, Partially cloudy"
Bangkok,08/25/2019,33,26.8,29.2,,39.7,7.9,,,26.9,231.25,44.6,9.7,52.8,75.39,"Rain, Partially cloudy"
Bangkok,08/26/2019,31.9,25,27.3,,37.2,13.52,,,23.7,234.33,,9.2,55.6,84.36,"Rain, Partially cloudy"
Bangkok,08/27/2019,32,25.2,28.7,,37.7,0.2,,,21.2,250.13,,10,52.5,73.23,"Rain, Partially cloudy"
Bangkok,08/28/2019,33.3,26.8,29.5,,39,6.85,,,25.5,235.33,,10,49.8,70.06,"Rain, Partially cloudy"
Bangkok,08/29/2019,32,26.4,29,,37.7,6.71,,,20.5,257.92,35.3,10,55.4,72.8,"Rain, Partially cloudy"
Bangkok,08/30/2019,28.7,26.8,27.8,,34.2,3.63,,,16.6,228.38,,8.6,77.7,81.37,"Rain, Overcast"
Bangkok,08/31/2019,31.2,26.5,28.4,,37,2.49,,,24.5,208.13,,9.8,69.6,80.23,"Rain, Partially cloudy"
Bangkok,9/1/2019,32.5,25.8,28.3,,39.6,18.17,,,21.3,208.54,46.4,9.9,54.9,81.72,"Rain, Partially cloudy"
Bangkok,9/2/2019,31.8,26.2,28.7,,37.3,0.4,,,32.2,238.67,48.2,9.9,54.1,74.56,"Rain, Partially cloudy"
Bangkok,9/3/2019,30.9,25,27.3,,37.2,20.56,,,20.8,253.96,,9.4,59.8,84.66,"Rain, Partially cloudy"
Bangkok,9/4/2019,30,25.7,27.6,,35.8,1.51,,,19.2,230.88,,9.9,63.4,83.29,"Rain, Partially cloudy"
Bangkok,9/5/2019,32.5,25.2,28,,37.9,9.9,,,22.6,232.96,29.5,9.6,59,79.1,"Rain, Partially cloudy"
Bangkok,9/6/2019,32,26,28.4,,38.7,4.02,,,22.7,231.29,,9.8,54.2,79.33,"Rain, Partially cloudy"
Bangkok,9/7/2019,32.4,26.6,29.4,,38.9,0.2,,,22.4,232.88,24.1,10,48.7,71.43,"Rain, Partially cloudy"
Bangkok,9/8/2019,32.3,26,28.6,,39.3,14.6,,,26.5,243.5,46.4,9.9,52.8,75.01,"Rain, Partially cloudy"
Bangkok,9/9/2019,32.8,26.2,28.8,,39.3,21.97,,,22.4,233.67,,10,48.6,76.68,"Rain, Partially cloudy"
Bangkok,9/10/2019,32.8,25.7,28.7,,39.1,3.66,,,23.7,231.88,46.4,9.4,53.6,77.36,"Rain, Partially cloudy"
Bangkok,9/11/2019,33.8,25.8,29.1,,39.6,2.76,,,17.8,217.42,51.8,9.9,51.1,74.51,"Rain, Partially cloudy"
Bangkok,9/12/2019,34,25,29.4,,39.2,24.72,,,19.6,226.71,,10,48.2,71.77,"Rain, Partially cloudy"
Bangkok,09/13/2019,34,27,30.1,,40.1,2.04,,,23,243,29.5,9.9,49.8,67.39,"Rain, Partially cloudy"
Bangkok,09/14/2019,31.8,25.2,28,,39.7,37.29,,,17.6,243.83,,9.6,59.8,81.63,"Rain, Partially cloudy"
Bangkok,09/15/2019,33.8,25,29,,40.9,9.23,,,17.8,96.63,,9.5,51.7,80.7,"Rain, Partially cloudy"
Bangkok,09/16/2019,32,24.9,28,,40.2,80.49,,,18.8,189.21,,9.5,52.3,84.05,"Rain, Partially cloudy"
Bangkok,09/17/2019,34.8,25.2,29.4,,41,2.63,,,17,166.65,,9.4,52.1,80,"Rain, Partially cloudy"
Bangkok,09/18/2019,34,25,28.6,,41.9,29.05,,,25.2,163.08,,9.6,47.5,80.3,"Rain, Partially cloudy"
Bangkok,09/19/2019,31.4,25,27.3,,37.3,67.46,,,16,165.5,,8.8,54.8,87.23,"Rain, Partially cloudy"
Bangkok,09/20/2019,31.2,25,27.7,,38.8,75.84,,,13.4,166.87,,7.8,55.4,85.82,"Rain, Partially cloudy"
Bangkok,09/21/2019,29.8,24.8,26.2,,35.8,32.63,,,28.7,200.88,,8.3,50.5,93.68,"Rain, Partially cloudy"
Bangkok,09/22/2019,29.8,25,26.5,,34.2,3.31,,,15.2,158.61,37.1,8.3,61.4,88.2,"Rain, Partially cloudy"
Bangkok,09/23/2019,29,24,25.7,,34,21.62,,,15.8,101.17,44.6,8.6,65.8,92.9,"Rain, Partially cloudy"
Bangkok,09/24/2019,32.2,24.5,28.4,,38.2,0.1,,,16.6,106.63,,9.6,41.2,79.3,"Rain, Partially cloudy"
Bangkok,09/25/2019,33.1,26.8,29.7,,38.6,0,,,12.6,77.54,,9.3,41.2,70.69,Partially cloudy
Bangkok,09/26/2019,34.6,25.8,30.4,,40.5,0,,,11.6,78.21,,9.6,34.3,68.09,Partially cloudy
Bangkok,09/27/2019,34.1,27,30,,41,0,,,10.8,114.08,,9.7,38,72.72,Partially cloudy
Bangkok,09/28/2019,34,26,30.4,,39.1,0,,,13.6,125,,9.1,33.1,68.03,Partially cloudy
Bangkok,09/29/2019,35.5,26.4,30.9,,39.4,0,,,13,138.96,,9.4,35.7,63.58,Partially cloudy
Bangkok,09/30/2019,34,27.8,30.2,,41.1,2.41,,,14,209.42,27.7,7.3,43,73.44,"Rain, Partially cloudy"
Bangkok,10/1/2019,33.2,25.8,29.4,,42.9,71.24,,,21.9,177.79,42.5,8.1,47.9,80.87,"Rain, Partially cloudy"
Bangkok,10/2/2019,33.9,26.2,29.7,,42,0,,,20.9,158.04,,8.4,45.7,76.96,Partially cloudy
Bangkok,10/3/2019,34,27.2,29.8,,41.5,6,,,13.6,164.13,,8.1,44.2,77.24,"Rain, Partially cloudy"
Bangkok,10/4/2019,33,26,28.1,,40,37.16,,,18.4,178.33,37.1,9,48.6,80.28,"Rain, Partially cloudy"
Bangkok,10/5/2019,32,25,27,,39.9,26.01,,,14.5,135.52,,9.2,49.5,87.27,"Rain, Partially cloudy"
Bangkok,10/6/2019,31.7,25.2,27,,37.3,21.56,,,17.1,135.13,35.3,8.8,49.6,84.86,"Rain, Partially cloudy"
Bangkok,10/7/2019,32,25,27.7,,37.3,2,,,13.4,81.21,,9.6,46.1,82.05,"Rain, Partially cloudy"
Bangkok,10/8/2019,32.8,24.7,28.1,,38.9,23.2,,,14.6,130,,9.5,43.9,79.57,"Rain, Partially cloudy"
Bangkok,10/9/2019,33.2,25.8,28.6,,40.3,4.3,,,10.8,191.13,,9.4,44.2,78.91,"Rain, Partially cloudy"
Bangkok,10/10/2019,33.8,26,28.8,,41.6,26.44,,,10.6,182.87,,9.1,45.7,79.31,"Rain, Partially cloudy"
Bangkok,10/11/2019,33.8,24.5,29.6,,40,23.52,,,13.6,153,,9,44.5,73.4,"Rain, Partially cloudy"
Bangkok,10/12/2019,33.3,26.2,29.5,,41.8,3.2,,,25.2,180.54,,9.8,45.8,75.62,"Rain, Partially cloudy"
Bangkok,10/13/2019,34,26,29.7,,41.8,7.05,,,14.2,118.13,27.7,9.6,41.4,75.77,"Rain, Partially cloudy"
Bangkok,10/14/2019,33.5,24.4,28.9,,39.8,16.21,,,15.4,117.75,,9.7,47.8,77.73,"Rain, Partially cloudy"
Bangkok,10/15/2019,33.5,26,29.2,,38.7,2.36,,,17.6,144.25,35.3,9.7,38.6,75.42,"Rain, Partially cloudy"
Bangkok,10/16/2019,33.7,26,29.8,,40.5,0.5,,,20,75.71,,9.9,33.3,73.48,"Rain, Partially cloudy"
Bangkok,10/17/2019,33.4,26.4,30,,39.6,0,,,19.8,55,40.7,9.9,40.9,70.62,Partially cloudy
Bangkok,10/18/2019,33.7,26.2,30.3,,39.2,0,,,15.6,112.63,40.7,10,30.6,66.43,Partially cloudy
Bangkok,10/19/2019,34,27.2,30.3,,40.3,0,,,18.8,87.21,,9.8,39,67.72,Partially cloudy
Bangkok,10/20/2019,33,27.2,30.1,,38.7,0,,,15.2,59.29,,9.9,39.6,69.58,Partially cloudy
Bangkok,10/21/2019,34.5,27.2,30.6,,40.1,0,,,13,122.52,,10,39.4,66.74,Partially cloudy
Bangkok,10/22/2019,34,26.8,30.3,,41.1,0.1,,,14,171.83,,8.9,42.2,71.89,"Rain, Partially cloudy"
Bangkok,10/23/2019,34.5,27.8,31,,41.6,0,,,13,181.29,,9,39.9,71.67,Partially cloudy
Bangkok,10/24/2019,35.8,28,31.2,,41.6,0,,,12.6,170.43,,9.6,42.5,70.41,Partially cloudy
Bangkok,10/25/2019,35,28,31.1,,42.1,4.73,,,13,145.83,33.5,9.8,37.9,73.05,"Rain, Partially cloudy"
Bangkok,10/26/2019,35.2,27,31.1,,41.3,0,,,13,105.96,,9.6,38,70.71,Partially cloudy
Bangkok,10/27/2019,34.6,27.2,30.6,,41.4,23.19,,,16,98.13,29.5,9.9,39.8,71.41,"Rain, Partially cloudy"
Bangkok,10/28/2019,35,25.8,30.4,,41.3,42.77,,,13.4,138.67,42.5,9.9,45.3,72.27,"Rain, Partially cloudy"
Bangkok,10/29/2019,34,26.9,29.6,,39.6,4.86,,,16.8,127.67,,9.8,45.5,75.35,"Rain, Partially cloudy"
Bangkok,10/30/2019,33.1,27,29.4,,38,2,,,18.8,83.71,,10.2,37.3,65.65,"Rain, Partially cloudy"
Bangkok,10/31/2019,33,23.8,28.3,,34.6,0,,,16.8,88.38,,10,36.4,57.56,Partially cloudy
Bangkok,11/1/2019,28.1,23.9,25.6,,29.6,0.42,,,25.5,67.83,31.7,9.8,58.8,76.34,"Rain, Partially cloudy"
Bangkok,11/2/2019,29.1,23.8,26.1,,33.1,6.5,,,12.2,180.04,,9,61.6,81.81,"Rain, Partially cloudy"
Bangkok,11/3/2019,33,23,28,,38.1,8.25,,,28.5,199.33,51.8,8.6,51.4,79.97,"Rain, Partially cloudy"
Bangkok,11/4/2019,31.2,24.8,27.8,,35.3,10.28,,,14.8,168.71,,9.6,45.5,78.94,"Rain, Partially cloudy"
Bangkok,11/5/2019,32.5,25.7,29,,36.8,0,,,17.2,91.88,,9,27.8,68.88,Partially cloudy
Bangkok,11/6/2019,33,25.7,29.4,,36.8,0,,,13.4,105.78,,9.8,34.4,66.81,Partially cloudy
Bangkok,11/7/2019,33.2,25.8,29.6,,37.4,0,,,14.4,73.29,,9.2,34.2,66.4,Partially cloudy
Bangkok,11/8/2019,32,25.2,28.7,,35,0,,,19.6,110.38,35.3,9.2,31.4,63.07,Partially cloudy
Bangkok,11/9/2019,31.1,25,27.6,,33.4,0,,,16.6,88.42,31.7,9.2,27.7,62.92,Partially cloudy
Bangkok,11/10/2019,31.8,23.2,27.3,,33.5,0,,,18.8,78.08,,9,33.8,61.56,Partially cloudy
Bangkok,11/11/2019,32.7,22.8,27.9,,33.9,0,,,15,175.92,,9.1,27.1,57.47,Partially cloudy
Bangkok,11/12/2019,34.1,25.8,29.3,,35.5,0,,,13.4,133.54,,9.7,34.5,56.42,Partially cloudy
Bangkok,11/13/2019,32.5,25,28.4,,37.4,0,,,22.3,83.38,40.7,9,37.9,70.63,Partially cloudy
Bangkok,11/14/2019,31.3,26,28.3,,36,0,,,17,59.04,40.7,9.8,54.7,72.65,Partially cloudy
Bangkok,11/15/2019,31.8,25.2,28.8,,35.1,0,,,12.8,87.08,37.1,9.5,41.4,62.94,Partially cloudy
Bangkok,11/16/2019,33,24.2,28.7,,36.3,0,,,12.6,108.17,,9.7,31.2,66.44,Partially cloudy
Bangkok,11/17/2019,34.2,25,29.2,,38.1,0,,,12.6,157.52,,9.3,28.8,68.02,Partially cloudy
Bangkok,11/18/2019,34.5,25.2,29.5,,39.2,0,,,10.8,165.46,35.3,9.5,36.6,70.79,Partially cloudy
Bangkok,11/19/2019,34.8,26.2,30,,38.4,0,,,20.5,112.79,,9.2,38.6,62.41,Partially cloudy
Bangkok,11/20/2019,32.5,24.2,28.6,,34.9,0,,,22.3,84.42,38.9,10,28.5,60.96,Partially cloudy
Bangkok,11/21/2019,33.1,24.2,28.5,,35.6,0,,,16.4,82.54,,9.9,28.7,60.83,Partially cloudy
Bangkok,11/22/2019,32.7,23.8,28.4,,35,0,,,14.2,105.42,,10,31.1,60.45,Partially cloudy
Bangkok,11/23/2019,33,24,28.8,,34,0,,,13.4,112.88,33.5,9.8,29.5,57.85,Partially cloudy
Bangkok,11/24/2019,33.6,23.2,28.6,,34.8,0,,,13.6,73.57,,10,17.6,56.39,Clear
Bangkok,11/25/2019,33.9,24.8,29.3,,37.2,0,,,17.4,81.5,37.1,9.4,23.5,57.6,Clear
Bangkok,11/26/2019,33.6,23.4,28.9,,36,0,,,13.4,74,37.1,9.9,17.8,56.08,Clear
Bangkok,11/27/2019,33.7,26.2,30,,39.4,0,,,16.4,80.96,37.1,9.9,28.7,62.01,Partially cloudy
Bangkok,11/28/2019,34.2,26.4,30.5,,39.7,0,,,23.1,62.5,44.6,10,35.3,60.02,Partially cloudy
Bangkok,11/29/2019,32.6,25.2,29,,36.1,0,,,20,84.04,46.4,10,36.2,60.21,Partially cloudy
Bangkok,11/30/2019,33.2,25.2,29.6,,37.3,0,,,17.4,66,38.9,10,32.3,60.7,Partially cloudy
Bangkok,12/1/2019,33.5,25.8,29.8,,38.5,0,,,15.2,74.75,,10,38.3,65.12,Partially cloudy
Bangkok,12/2/2019,32.4,26,29.1,,34.9,0,,,25.3,74.92,42.5,9.8,24.1,60,Clear
Bangkok,12/3/2019,29.7,22.2,25.9,,30.9,0,,,19.6,106.58,42.5,10,26.1,58.47,Partially cloudy
Bangkok,12/4/2019,28.3,19.4,24,,28.3,0,,,17.4,69.33,42.5,9.8,28.8,58.25,Partially cloudy
Bangkok,12/5/2019,27.9,18.4,23.2,,27.8,0,,,16.3,57.38,,9.8,12.2,54.03,Clear
Bangkok,12/6/2019,28.3,18.4,23.4,,29.1,0,,,17.5,48.08,51.8,9.9,9.9,51.23,Clear
Bangkok,12/7/2019,27.5,18.2,22.4,,27.4,0,,,17.7,73.71,,9.9,5.5,50.06,Clear
Bangkok,12/8/2019,27.5,18.2,22.6,,27.5,0,,,18,71.54,,9.6,14.2,54.02,Clear
Bangkok,12/9/2019,28.7,18.2,23.3,,28.8,0,,,14.2,111.29,,9.1,10.7,57.31,Clear
Bangkok,12/10/2019,30.4,18.7,24.3,,30.5,0,,,10.8,147.08,,9.2,4.7,55.93,Clear
Bangkok,12/11/2019,30.7,20.2,25.2,,30.6,0,,,11.2,120.71,,9.2,7.7,56.76,Clear
Bangkok,12/12/2019,31.4,20.4,26.1,,31.4,0,,,15.6,82.5,42.5,9.1,12,55.49,Clear
Bangkok,12/13/2019,32,20.4,26.2,,32.7,0,,,13,67.46,,9,18,58.37,Clear
Bangkok,12/14/2019,32.6,21.8,27,,34.5,0,,,17,156.5,37.1,9.5,17.9,59.97,Clear
Bangkok,12/15/2019,33.7,22.8,28.1,,36.2,0,,,14.2,147.71,35.3,9.5,26.4,58.45,Partially cloudy
Bangkok,12/16/2019,33.4,23.8,28.6,,36.9,0,,,18.4,151.38,42.5,9.3,15.9,61.26,Clear
Bangkok,12/17/2019,34.7,24.8,29.6,,38.8,0,,,15.8,125.92,,9.4,20.9,60.57,Clear
Bangkok,12/18/2019,34.1,24.2,29.4,,38,0,,,18.4,102.17,40.7,9.7,18.7,62.37,Clear
Bangkok,12/19/2019,34,25.1,29.4,,38.3,0,,,13,154.83,37.1,9.4,28.4,65.53,Partially cloudy
Bangkok,12/20/2019,33.9,25.2,29.2,,38.2,0,,,16.6,123.92,33.5,8.9,28.1,69.72,Partially cloudy
Bangkok,12/21/2019,33.6,25.5,29.3,,39.3,0,,,14.8,141.83,31.7,8.7,29.4,71.12,Partially cloudy
Bangkok,12/22/2019,34,25,29.1,,38.7,0,,,11.4,153.5,29.5,8.8,29.5,71.86,Partially cloudy
Bangkok,12/23/2019,34,24.2,29,,39.9,0,,,11.2,146.71,,8.7,26.7,71.46,Partially cloudy
Bangkok,12/24/2019,34,25.4,28.9,,40.8,0,,,13.4,164.71,,8.6,32.7,74.07,Partially cloudy
Bangkok,12/25/2019,32,25.4,28.6,,37.8,0,,,9.4,184.71,,8.7,35.7,76.4,Partially cloudy
Bangkok,12/26/2019,32.9,25.8,28.8,,38,0,,,10.4,218.75,,8.6,38.3,73.91,Partially cloudy
Bangkok,12/27/2019,33.5,25.8,28.9,,38.4,0,,,16.6,135,40.7,7.9,39.5,71.2,Partially cloudy
Bangkok,12/28/2019,31,25.2,28.1,,33.3,0.2,,,19.6,96.54,,9,39.8,66.54,"Rain, Partially cloudy"
Bangkok,12/29/2019,32.5,24.2,28.5,,34.5,0,,,14.8,156.79,,9.4,21.8,59.72,Clear
Bangkok,12/30/2019,33.2,24.8,28.7,,35.2,0,,,12.4,159.25,,9.3,4.8,55.91,Clear
Bangkok,12/31/2019,33.2,23.7,28.5,,37.2,0,,,21.3,68.79,44.6,9.2,14.2,62.81,Clear
Bangkok,1/1/2020,32.3,25.2,28.8,,35.4,0,,,24.9,95.75,40.7,9.9,23,60.09,Clear
Bangkok,1/2/2020,32.8,24.4,28.5,,36.2,0,,,25.9,94.13,38.9,10,31.3,61.87,Partially cloudy
Bangkok,1/3/2020,33.5,24.2,28.7,,37.5,0,,,18,144.33,38.9,9.8,24.1,62.45,Clear
Bangkok,1/4/2020,33.3,23.8,28.7,,36.6,0,,,18,102.13,,9.9,19.4,62.9,Clear
Bangkok,1/5/2020,33.6,25,29,,36.1,0,,,19.6,109.29,,9.7,23.7,59.3,Clear
Bangkok,1/6/2020,34.1,24.5,29.1,,37,0,,,17.6,125.92,35.3,9.5,26.9,60.23,Partially cloudy
Bangkok,1/7/2020,35,23.4,29.3,,36.9,0,,,14.4,111.61,31.7,8.5,16.9,60.97,Clear
Bangkok,1/8/2020,34.4,24.8,29.4,,37.2,0,,,18,135.58,37.1,8,15.8,64.72,Clear
Bangkok,1/9/2020,34.8,26,30.3,,39,0,,,15.6,150.04,,8.3,25.3,62.75,Partially cloudy
Bangkok,1/10/2020,35,26.2,30.3,,39.8,0,,,11.2,150,,8,31.5,63.92,Partially cloudy
Bangkok,1/11/2020,34,26.4,29.5,,39.4,21.47,,,13.8,144.7,,7.3,34.6,75.3,"Rain, Partially cloudy"
Bangkok,1/12/2020,34,26,29.4,,42.1,0,,,13,149.38,,7.9,39,76.11,Partially cloudy
Bangkok,01/13/2020,32.5,23.7,28.7,,39.2,20,,,18,151.17,29.5,8,41.3,76.8,"Rain, Partially cloudy"
Bangkok,01/14/2020,33,26,28.6,,37.3,0,,,12.6,163.79,,7.8,36.3,75.95,Partially cloudy
Bangkok,01/15/2020,33,25.2,28.8,,37.8,0,,,12.4,148.38,,8,37.4,73.57,Partially cloudy
Bangkok,01/16/2020,33.8,25.8,28.9,,37.4,0,,,14.4,143.38,,7.7,34.2,73.68,Partially cloudy
Bangkok,01/17/2020,34,25.2,29.1,,40.6,0,,,13,162.42,,7.5,37.5,73.31,Partially cloudy
Bangkok,01/18/2020,33,25.8,28.8,,39,0,,,11.2,154.29,31.7,6.6,32,77.62,Partially cloudy
Bangkok,01/19/2020,33.2,26.2,29.3,,40.1,0,,,10.8,163.61,29.5,7.1,26.5,75.48,Partially cloudy
Bangkok,01/20/2020,32.7,26,29.2,,37.5,1.47,,,14.2,129.29,,6.9,37.4,72.11,"Rain, Partially cloudy"
Bangkok,01/21/2020,33.2,25.4,29,,39.6,0,,,13.6,160.5,,7.1,41.7,73.9,Partially cloudy
Bangkok,01/22/2020,34,26,29.3,,39.6,0,,,14.4,192.96,,7.5,44.5,75.45,Partially cloudy
Bangkok,01/23/2020,33.8,26.8,29.5,,40,0,,,21,178.79,,8,32.6,74.34,Partially cloudy
Bangkok,01/24/2020,33.8,26,29.5,,39,0,,,21.7,163.29,,8.9,36.7,74.45,Partially cloudy
Bangkok,01/25/2020,32.8,26.6,29.1,,38.4,0,,,24.9,189.75,,9.2,37.1,74.41,Partially cloudy
Bangkok,01/26/2020,33.8,26.4,29.3,,37.2,0,,,19.2,190.29,38.9,9.4,31.7,67.54,Partially cloudy
Bangkok,01/27/2020,33.8,24.2,28.9,,35.7,0,,,23.1,213.58,,9.4,17.6,60.82,Clear
Bangkok,01/28/2020,32.8,23.8,28.1,,35.4,0.1,,,20.5,233.5,,9.4,18.6,59.77,Rain
Bangkok,01/29/2020,33,24,28.5,,35.9,0,,,12.7,175.42,,9.1,30.9,64.96,Partially cloudy
Bangkok,01/30/2020,32.4,24,28,,35.4,0,,,13.8,100.08,37.1,9.3,33.6,61.96,Partially cloudy
Bangkok,01/31/2020,32.5,23.2,27.3,,34.2,0,,,22.7,101.04,44.6,8.8,28.8,56.27,Partially cloudy
Bangkok,2/1/2020,32.7,22.8,27.5,,35.7,0,,,23.7,123.42,,8.1,15.2,59.55,Clear
Bangkok,2/2/2020,33.6,23.2,28.2,,36.7,0,,,14.8,138.7,,7.5,24.3,67.26,Clear
Bangkok,2/3/2020,33.5,24.2,28.3,,37.8,0,,,17.6,154.7,29.5,6.8,26.5,74.55,Partially cloudy
Bangkok,2/4/2020,32.8,25.4,28.5,,36.6,0,,,16.4,169.13,,7.8,35.1,73.53,Partially cloudy
Bangkok,2/5/2020,33.8,25.2,28.8,,36.8,0,,,19.6,172.67,37.1,8.6,35.9,69.91,Partially cloudy
Bangkok,2/6/2020,33.5,25,28.8,,37.6,0.8,,,17.4,193.83,,9.1,37.3,73.14,"Rain, Partially cloudy"
Bangkok,2/7/2020,33.8,25.2,29.1,,39.3,0,,,13,177.91,,8.4,38.8,72.41,Partially cloudy
Bangkok,2/8/2020,33.8,25,29,,38.3,0,,,14.4,151.67,29.5,8.2,31.9,73.98,Partially cloudy
Bangkok,2/9/2020,33.4,25,28.9,,36.2,0,,,15.2,125.29,,8.1,31.3,67.55,Partially cloudy
Bangkok,2/10/2020,33.3,25,29,,35.8,0,,,24.1,80.67,37.1,9.1,37,53.54,Partially cloudy
Bangkok,2/11/2020,35.2,27.2,30.6,,38,0,,,12.8,130.21,33.5,8.6,44.7,52.64,Partially cloudy
Bangkok,2/12/2020,33.8,26.7,29.5,,39.5,0,,,22.1,180.58,,9.1,35.4,72.66,Partially cloudy
Bangkok,02/13/2020,34.5,26.8,29.7,,40.2,0,,,21.9,194.25,37.1,9.7,33.1,71.27,Partially cloudy
Bangkok,02/14/2020,33.8,27,29.7,,37.9,0,,,27.7,186.08,44.6,9.7,36.5,72.12,Partially cloudy
Bangkok,02/15/2020,34.8,25.6,29.5,,36.5,0,,,20.5,212.25,,9.6,17,59.73,Clear
Bangkok,02/16/2020,35,25.2,29.6,,35.4,0,,,16.4,175.5,,9.5,19.7,61.65,Clear
Bangkok,02/17/2020,35.8,24,29.4,,40.5,0,,,15.6,142.13,33.5,9.5,24.2,68.97,Clear
Bangkok,02/18/2020,32,26,28.9,,33.6,0,,,25.5,99.92,46.4,9.1,41.3,60.15,Partially cloudy
Bangkok,02/19/2020,33.8,23.4,28.9,,35.8,0,,,22.7,109.33,31.7,9.5,31.6,50.92,Partially cloudy
Bangkok,02/20/2020,34.3,25.2,29.7,,35.8,0,,,25.8,93.71,50,8.4,18.2,55.36,Clear
Bangkok,02/21/2020,34,23.4,29,,34.4,0,,,25.9,74.63,35.3,9,7.9,48.85,Clear
Bangkok,02/22/2020,34,25,29.2,,34.7,0,,,30.8,77.58,,9.3,22.3,46.58,Clear
Bangkok,02/23/2020,34,24.4,29,,33.9,0,,,24.9,121.96,40.7,8.7,13.4,49.01,Clear
Bangkok,02/24/2020,34.8,25,29.6,,35.8,0,,,22.3,121.42,,8.7,14.5,47.01,Clear
Bangkok,02/25/2020,34.8,24.4,29.1,,39.8,0,,,16.2,136.79,,7.2,27.9,65.84,Partially cloudy
Bangkok,02/26/2020,35.5,25.2,29.4,,41,0,,,18.8,169.79,,7.7,40.3,72.4,Partially cloudy
Bangkok,02/27/2020,32.3,26.2,28.8,,39.8,27.22,,,17.6,197.96,,7.6,45.9,76.15,"Rain, Partially cloudy"
Bangkok,02/28/2020,33,27,29,,38.2,2.33,,,25.3,159.52,,8.4,45.2,75.51,"Rain, Partially cloudy"
Bangkok,02/29/2020,33.8,26,29,,38.8,0,,,19.2,167.08,,9,42.5,72.85,Partially cloudy
Bangkok,3/1/2020,34.5,26.9,29.9,,40.3,0,,,20,181.08,,9.5,32.7,71.1,Partially cloudy
Bangkok,3/2/2020,34.5,27.4,30,,40,0,,,23.1,187.88,,9.5,35.6,71.34,Partially cloudy
Bangkok,3/3/2020,34.5,27.3,30.2,,40.1,0,,,24.5,183.46,,9.5,31.5,70.88,Partially cloudy
Bangkok,3/4/2020,34.5,27.2,30.2,,40.7,0,,,22.3,191.46,,9.4,35.5,68.6,Partially cloudy
Bangkok,3/5/2020,34.8,26.1,30.2,,40.4,0,,,22.7,169.63,,9.3,37.2,70.61,Partially cloudy
Bangkok,3/6/2020,34.8,27.8,30.4,,39.9,0.4,,,23.5,198.83,,9.7,38.9,68.97,"Rain, Partially cloudy"
Bangkok,3/7/2020,34.5,26.2,29.8,,41,0,,,18.4,162.25,,9.7,39.8,72.91,Partially cloudy
Bangkok,3/8/2020,36.3,27.8,30.9,,43.8,0,,,17,175.96,,10,35.9,70.16,Partially cloudy
Bangkok,3/9/2020,38.3,27.2,31.4,,42.1,0,,,18.4,188.58,,9.8,32.7,60.82,Partially cloudy
Bangkok,3/10/2020,37.3,26.2,30.8,,43.4,0,,,18.4,171.71,,9.4,22,68.16,Clear
Bangkok,3/11/2020,36.8,26,31,,42.7,0,,,16.4,168.13,,9.1,17.4,67.59,Clear
Bangkok,3/12/2020,35.8,27.5,31,,42.4,0,,,20.9,184.79,40.7,9.5,28.7,70.43,Partially cloudy
Bangkok,03/13/2020,36.5,28,31.4,,42.6,0,,,19.1,183.79,,9.6,30.3,68.57,Partially cloudy
Bangkok,03/14/2020,36.2,28.6,31.4,,44.5,0,,,21.2,199.29,,9.7,30.6,71.07,Partially cloudy
Bangkok,03/15/2020,30,23,27,,38,20.21,,,45.2,185.67,68.9,8.7,50.6,86.36,"Rain, Partially cloudy"
Bangkok,03/16/2020,33.2,23.8,28.3,,39.5,0,,,14.8,179.48,,7.3,37.6,77.26,Partially cloudy
Bangkok,03/17/2020,33.8,27,29.9,,41.7,0,,,22.7,186.13,38.9,9.5,35.1,75.57,Partially cloudy
Bangkok,03/18/2020,34.5,28,30.4,,41.9,0,,,22.7,181.92,,9.5,40.1,72,Partially cloudy
Bangkok,03/19/2020,33.8,28,30.5,,41.6,0,,,24.5,182.13,,9.6,39.6,71.38,Partially cloudy
Bangkok,03/20/2020,34,28,30.2,,40.9,0,,,26.3,170.13,,9.6,42,71.46,Partially cloudy
Bangkok,03/21/2020,34.5,27.8,30.7,,40.2,0,,,23.1,186.83,,9.6,37.3,69.61,Partially cloudy
Bangkok,03/22/2020,35,27.8,30.6,,39.3,0,,,22.1,187.58,42.5,9.6,28.9,67.01,Partially cloudy
Bangkok,03/23/2020,35.8,27.8,30.9,,40.4,0,,,27.3,184.5,,9.6,29.9,67.8,Partially cloudy
Bangkok,03/24/2020,35.5,27.2,30.5,,40.6,0,,,23.1,171.96,,9.6,27.3,69.15,Partially cloudy
Bangkok,03/25/2020,34.8,27.8,30.3,,40.3,0,,,24.9,192.29,,9.6,33.8,70.31,Partially cloudy
Bangkok,03/26/2020,35.5,26.8,30.6,,41.1,0,,,21.9,187.96,,9.6,30.5,68.62,Partially cloudy
Bangkok,03/27/2020,36.5,27.8,31.1,,42.4,0,,,22.3,184.83,,9.6,30.3,68.58,Partially cloudy
Bangkok,03/28/2020,36.3,28,31.2,,43.7,0,,,21.3,180.29,40.7,9.6,30.8,70.42,Partially cloudy
Bangkok,03/29/2020,35.8,27.2,31,,43,0,,,19.2,175.46,40.7,9.7,36.2,69.96,Partially cloudy
Bangkok,03/30/2020,35.5,28,31.1,,42.8,0,,,22.1,182.46,,9.7,36.2,70.54,Partially cloudy
Bangkok,03/31/2020,36.5,28.9,31.7,,43.5,0,,,21.9,183.92,,9.5,36.9,67.6,Partially cloudy
Bangkok,4/1/2020,36.8,28.3,31.4,,43.9,0,,,22.7,176.46,27.7,9.8,33.6,68.26,Partially cloudy
Bangkok,4/2/2020,36,28.5,31.5,,44.2,0,,,23.5,179.54,,10,34.6,68.93,Partially cloudy
Bangkok,4/3/2020,35.5,28,31.3,,44.2,0,,,27.2,167.38,27.7,10,33.6,70.9,Partially cloudy
Bangkok,4/4/2020,37,28,32,,43.6,0,,,23.4,182.75,,10,31.3,68.42,Partially cloudy
Bangkok,4/5/2020,35.8,27,31.2,,43.9,0,,,23.9,167.79,,10,34,70.49,Partially cloudy
Bangkok,4/6/2020,36.5,28.8,31.7,,43.5,12,,,26.7,189.71,,10.1,39.7,69.25,"Rain, Partially cloudy"
Bangkok,4/7/2020,34.8,28.9,31.2,,42,0,,,22.3,185.83,,10,48.7,70.8,Partially cloudy
Bangkok,4/8/2020,36,27.4,31.2,,43.5,0,,,25.9,168.88,,10,39.7,69.03,Partially cloudy
Bangkok,4/9/2020,36.5,27,31.3,,42.5,0,,,21.7,167,38.9,10,37.7,69.57,Partially cloudy
Bangkok,4/10/2020,35.8,28,31.2,,42.6,0,,,27.3,165.46,,10,38.4,70.08,Partially cloudy
Bangkok,4/11/2020,36.5,27,31,,42.9,7,,,19.2,149.17,37.1,9.6,35.8,68.7,"Rain, Partially cloudy"
Bangkok,4/12/2020,37.1,28,31.8,,44.7,0,,,24.1,186.92,44.6,10,36.5,67.61,Partially cloudy
Bangkok,04/13/2020,34,26,28.4,,40.6,14.82,,,29.5,123.25,50,9.1,47.6,78.36,"Rain, Partially cloudy"
Bangkok,04/14/2020,34,25.2,29.3,,38.7,3.1,,,17,147.08,37.1,8,48.9,74.51,"Rain, Partially cloudy"
Bangkok,04/15/2020,35.8,27,31,,43.7,0,,,19.2,189.92,,8.7,42,70.09,Partially cloudy
Bangkok,04/16/2020,34.3,28.8,30.8,,41,20.1,,,19.2,184.38,79.6,9.9,40.5,70.63,"Rain, Partially cloudy"
Bangkok,04/17/2020,34.5,28,30.1,,41.4,0.2,,,24.1,177.91,,10,48.8,73.73,"Rain, Partially cloudy"
Bangkok,04/18/2020,34.5,27,30.4,,41.4,0.6,,,13.8,189.71,,9.7,49.2,71.44,"Rain, Partially cloudy"
Bangkok,04/19/2020,35,28.8,31.3,,42.5,4,,,20,208.58,,10,40.7,70.15,"Rain, Partially cloudy"
Bangkok,04/20/2020,36.5,28.2,31.6,,43.9,0,,,18.4,188.5,37.1,10,31.6,69.71,Partially cloudy
Bangkok,04/21/2020,36.8,28,32.3,,42.9,0,,,19.2,199.67,,10,28.1,66.99,Partially cloudy
Bangkok,04/22/2020,37.8,29.2,32.7,,44.7,0,,,20,185.29,,10,29.9,65.13,Partially cloudy
Bangkok,04/23/2020,37.8,27,31.6,,44.6,11.01,,,32.3,151.25,59.4,10,38.8,64.61,"Rain, Partially cloudy"
Bangkok,04/24/2020,35.3,26.2,30.4,,40.4,0,,,18.4,141.17,,9.8,42.3,65.5,Partially cloudy
Bangkok,04/25/2020,33.4,24.7,28.2,,40.3,14.65,,,42.6,164.75,68.4,9.2,48.7,80.85,"Rain, Partially cloudy"
Bangkok,04/26/2020,35.2,25,30,,41.3,0,,,21.4,183.88,,9.3,43.8,70.22,Partially cloudy
Bangkok,04/27/2020,32.8,26.5,29.3,,39,14.45,,,28.3,215.46,,9.2,55.6,73.83,"Rain, Partially cloudy"
Bangkok,04/28/2020,35.2,26,30.5,,40.4,0.9,,,15.6,211.67,,10,40.3,65.83,"Rain, Partially cloudy"
Bangkok,04/29/2020,33.8,26.9,29.5,,41.4,12.08,,,27,167.33,37.1,8.9,46.4,75.37,"Rain, Partially cloudy"
Bangkok,04/30/2020,34,26.8,30.3,,41.1,9.32,,,20.9,144.95,,9.1,42,74.27,"Rain, Partially cloudy"
Bangkok,5/1/2020,36,27.8,31.2,,43.9,9,,,19.1,190.25,,9.7,40,71.26,"Rain, Partially cloudy"
Bangkok,5/2/2020,36,28,31.5,,41.4,0,,,19.2,180.79,,10.1,37.4,68.26,Partially cloudy
Bangkok,5/3/2020,36.8,28.8,32.2,,45.6,0,,,17,188.17,,10.1,35.9,68.17,Partially cloudy
Bangkok,5/4/2020,36,29.9,31.8,,42.6,3,,,16.4,204.92,,10,44.6,69.53,"Rain, Partially cloudy"
Bangkok,5/5/2020,37.5,29,32.6,,46.2,0,,,21.7,188,,10,37.2,67.44,Partially cloudy
Bangkok,5/6/2020,37,30,32.8,,47.5,0,,,23.1,182.54,,10,33.2,67.41,Partially cloudy
Bangkok,5/7/2020,36.8,29.8,32.5,,46.9,0,,,23.5,179.79,,10.2,36.4,69.2,Partially cloudy
Bangkok,5/8/2020,37,28.4,32.4,,46.5,0,,,22.7,186.5,,10.2,44.6,70.39,Partially cloudy
Bangkok,5/9/2020,38,30,33.2,,46.2,0,,,20.9,178.63,,10.2,41.1,66.32,Partially cloudy
Bangkok,5/10/2020,36,29.8,32.6,,45.6,0,,,23.5,190.46,37.1,10.1,45.6,68.65,Partially cloudy
Bangkok,5/11/2020,32,26,29.1,,40.2,8.77,,,30.2,154.42,53,9.8,48.2,77.81,"Rain, Partially cloudy"
Bangkok,5/12/2020,36,25,30.4,,42.6,0,,,14.8,113.67,,9.3,35.5,68.52,Partially cloudy
Bangkok,05/13/2020,37.5,29,32.4,,45.2,0,,,24.5,191.92,37.1,10,35.1,67.09,Partially cloudy
Bangkok,05/14/2020,36.5,28.2,31.5,,44.5,3,,,22,145.46,33.5,10.1,37.7,70.88,"Rain, Partially cloudy"
Bangkok,05/15/2020,36,27.4,31.9,,44.3,0,,,21.7,175.21,,10.1,35.5,69.6,Partially cloudy
Bangkok,05/16/2020,37.8,29,32.7,,43.9,0,,,19.2,183.58,40.7,10.2,31.7,66.09,Partially cloudy
Bangkok,05/17/2020,36.5,27.8,31.8,,45.1,37,,,18.8,179.33,,9.8,42.9,70.2,"Rain, Partially cloudy"
Bangkok,05/18/2020,36.8,29,32,,43.6,7.25,,,18.8,166.21,,9.9,48.2,69.5,"Rain, Partially cloudy"
Bangkok,05/19/2020,35.5,29.6,32,,43.2,0,,,27.3,205.38,44.6,10,43.6,68.02,Partially cloudy
Bangkok,05/20/2020,34.8,28.2,31.9,,44.8,0.91,,,26.2,196.63,44.6,10,38.2,66.81,"Rain, Partially cloudy"
Bangkok,05/21/2020,36,29,32.3,,44.5,0,,,16.9,209.46,40.7,10,36.1,66.24,Partially cloudy
Bangkok,05/22/2020,37.8,29,33.1,,45.9,0,,,21.9,236.54,,10,36.7,62.79,Partially cloudy
Bangkok,05/23/2020,35.5,30.2,32.2,,44,5.43,,,24.9,198.29,,9.9,44.3,69.67,"Rain, Partially cloudy"
Bangkok,05/24/2020,34.2,28,30.4,,44.4,3.09,,,16.8,137.52,,9.1,51.1,80.18,"Rain, Partially cloudy"
Bangkok,05/25/2020,33,27,29.8,,42.4,7.16,,,16.3,125.42,,9.5,56.4,81.69,"Rain, Partially cloudy"
Bangkok,05/26/2020,34.2,26.9,29.7,,43.1,7.77,,,30,176.79,,9.3,50.3,80.74,"Rain, Partially cloudy"
Bangkok,05/27/2020,36.8,26.2,31.2,,43.1,0,,,22.3,148.46,44.6,9.9,39.5,69.33,Partially cloudy
Bangkok,05/28/2020,37,28,31.4,,44.6,0,,,25.1,219.41,,10,44.4,66.61,Partially cloudy
Bangkok,05/29/2020,35.5,25.8,30,,42.9,19.73,,,25.6,202,31.7,9.6,48.8,74.94,"Rain, Partially cloudy"
Bangkok,05/30/2020,33.6,25,28.7,,41.6,32.68,,,19.2,151.04,33.5,9.5,46.9,81.52,"Rain, Partially cloudy"
Bangkok,05/31/2020,35,25,29.7,,42.6,46.4,,,20.2,175.17,,9.7,49.2,76.31,"Rain, Partially cloudy"
Bangkok,6/1/2020,35.3,27.6,31.2,,43.1,16.9,,,18.8,201.25,,9.9,50.7,70.65,"Rain, Partially cloudy"
Bangkok,6/2/2020,34.4,24.6,29.7,,42.8,29.92,,,19.2,183.17,40.7,9.6,51.7,75.25,"Rain, Partially cloudy"
Bangkok,6/3/2020,33.7,25,28.4,,41.6,30.48,,,19.6,148.79,,10,49,80.4,"Rain, Partially cloudy"
Bangkok,6/4/2020,33.2,26,28.9,,42.2,24,,,26.5,121.63,,9.8,45.1,81.03,"Rain, Partially cloudy"
Bangkok,6/5/2020,33.8,27,29.2,,42.1,20,,,16,137.79,,10,46.7,81.89,"Rain, Partially cloudy"
Bangkok,6/6/2020,34.5,25.8,29.7,,41.8,7.39,,,24.5,176,,9.8,47.1,78.83,"Rain, Partially cloudy"
Bangkok,6/7/2020,33.5,25.4,29.8,,41.6,2.66,,,21.7,162,,9.9,49.4,77.79,"Rain, Partially cloudy"
Bangkok,6/8/2020,33.5,25.4,29.4,,41.5,8.08,,,20.9,149.75,29.5,9.9,47,78.48,"Rain, Partially cloudy"
Bangkok,6/9/2020,33.2,25.2,29,,40.4,3.25,,,27,153.46,42.5,10,48.7,80.05,"Rain, Partially cloudy"
Bangkok,6/10/2020,34.6,27,30.3,,42.7,1.1,,,33.5,200.17,,10,43.5,72.73,"Rain, Partially cloudy"
Bangkok,6/11/2020,34.5,27,30.7,,42.1,0,,,17.6,202.33,,10.1,39.4,68.46,Partially cloudy
Bangkok,6/12/2020,35.8,27.8,31.3,,43.7,0,,,20.2,254.38,,10.1,33.4,66.39,Partially cloudy
Bangkok,06/13/2020,36.8,28,31.7,,46.8,0,,,20,253.21,,10.1,37.5,64.78,Partially cloudy
Bangkok,06/14/2020,35.2,29,31.7,,42.4,10,,,20.2,243.25,,10,46.6,66.5,"Rain, Partially cloudy"
Bangkok,06/15/2020,30.8,25.8,28.4,,38.7,36.13,,,19.2,168.17,,9.1,60.8,84.14,"Rain, Partially cloudy"
Bangkok,06/16/2020,32.8,25,28.6,,39.6,21.59,,,31.4,216.04,51.8,9.5,57,80.91,"Rain, Partially cloudy"
Bangkok,06/17/2020,31.1,24.8,26.6,,39,42.64,,,18,129.09,,8.6,62.8,92.58,"Rain, Partially cloudy"
Bangkok,06/18/2020,32.5,24.9,28.6,,39.8,1.02,,,13.6,175.54,,9.6,50.9,80.29,"Rain, Partially cloudy"
Bangkok,06/19/2020,33.3,26,29.2,,39.6,11.47,,,21.4,160.63,,9.7,51.3,80.46,"Rain, Partially cloudy"
Bangkok,06/20/2020,35.3,26.8,30.8,,42.4,0.2,,,14.8,189.04,,10.1,37.7,69.29,"Rain, Partially cloudy"
Bangkok,06/21/2020,35.3,28.8,31.6,,43.8,5.4,,,15.9,222.83,,10,42.9,70.43,"Rain, Partially cloudy"
Bangkok,06/22/2020,34.7,26.2,30.3,,42.7,36.93,,,17.6,173.96,31.7,9.9,48.8,76.01,"Rain, Partially cloudy"
Bangkok,06/23/2020,32.8,26.7,29.5,,41.4,0.72,,,15.8,131.42,,9.9,48,79.75,"Rain, Partially cloudy"
Bangkok,06/24/2020,34.5,27.2,30.8,,43.8,3.87,,,21.9,162.57,,10,43.1,75.21,"Rain, Partially cloudy"
Bangkok,06/25/2020,34.6,28.1,30.9,,43.3,2.86,,,19.6,192.71,,10,46.5,74.89,"Rain, Partially cloudy"
Bangkok,06/26/2020,33.5,25.8,29.6,,41.3,15.04,,,22.7,226.21,,9.9,50,76.26,"Rain, Partially cloudy"
Bangkok,06/27/2020,34.3,27,30.3,,41.3,0,,,21.6,217.92,,10.1,43.9,68.78,Partially cloudy
Bangkok,06/28/2020,33.5,26.8,29.9,,39.3,0,,,19.2,188.63,,9.9,41.6,70.64,Partially cloudy
Bangkok,06/29/2020,33.7,26.9,29.9,,40.1,16.16,,,18.2,202.17,,9.9,50.7,74.56,"Rain, Partially cloudy"
Bangkok,06/30/2020,34.3,27.1,30.4,,41,22,,,25.3,221.39,40.7,9.9,42.5,69.9,"Rain, Partially cloudy"
Bangkok,7/1/2020,33.8,26.8,29.8,,39.6,4.99,,,20,240.21,,9.7,51.3,67.88,"Rain, Partially cloudy"
Bangkok,7/2/2020,32.8,26.5,29.2,,40.4,5.62,,,28.7,196.04,,9.8,47.2,74,"Rain, Partially cloudy"
Bangkok,7/3/2020,32.8,24.8,28.6,,38.9,20.78,,,32.4,220.54,57.6,9.5,53,75.47,"Rain, Partially cloudy"
Bangkok,7/4/2020,31.3,25,28.2,,36.6,6.82,,,17.2,191.08,,9.7,54.3,79.25,"Rain, Partially cloudy"
Bangkok,7/5/2020,33.8,27,30.5,,39,0.7,,,22.2,199.5,,10,46.6,66.17,"Rain, Partially cloudy"
Bangkok,7/6/2020,35.2,27.8,30.9,,42.3,0,,,19.6,236.91,,10,46,64.03,Partially cloudy
Bangkok,7/7/2020,33.8,27.2,29.4,,43.6,18.65,,,29.6,165.17,,9.7,50.1,79.63,"Rain, Partially cloudy"
Bangkok,7/8/2020,33.8,26.4,30.2,,42.7,8.77,,,17,141.17,,10,47.1,76.78,"Rain, Partially cloudy"
Bangkok,7/9/2020,35,28,31.2,,42.6,0,,,18.4,210.67,33.5,10,43.3,70.24,Partially cloudy
Bangkok,7/10/2020,35.5,27.8,31.2,,41.9,4.8,,,20.5,232.79,22.3,9.9,41.9,69.12,"Rain, Partially cloudy"
Bangkok,7/11/2020,34.2,27.8,31,,40.8,0,,,17.2,260,,10,42.1,67.75,Partially cloudy
Bangkok,7/12/2020,33.8,28.8,31,,40.4,1.2,,,17.4,209.67,,10,45.9,70.88,"Rain, Partially cloudy"
Bangkok,07/13/2020,34.5,26,29.6,,40.6,15.61,,,28.7,149.46,,9.5,53.1,76.27,"Rain, Partially cloudy"
Bangkok,07/14/2020,31.9,24.2,27.9,,38.2,31.64,,,13.2,232.92,,9.7,53.2,83.53,"Rain, Partially cloudy"
Bangkok,07/15/2020,32.9,25,28.8,,40.2,11.07,,,20.5,201.96,,9.9,51.9,79.8,"Rain, Partially cloudy"
Bangkok,07/16/2020,34.8,25.4,28.8,,42.7,18.62,,,24.5,213.83,42.5,9.9,53,79.24,"Rain, Partially cloudy"
Bangkok,07/17/2020,34.4,26,30.2,,42.5,0.8,,,15.8,192.42,,10.1,44.5,73.51,"Rain, Partially cloudy"
Bangkok,07/18/2020,33.1,27,30,,40.7,6.82,,,16.8,156.83,,9.8,42.7,75.49,"Rain, Partially cloudy"
Bangkok,07/19/2020,34.8,28.2,30.5,,43.2,24,,,22.8,203.88,,9.8,41.4,75.63,"Rain, Partially cloudy"
Bangkok,07/20/2020,34.7,26.8,29.4,,43.6,42.82,,,25.8,153.29,46.4,9.6,49,79.89,"Rain, Partially cloudy"
Bangkok,07/21/2020,32.8,26,28.5,,39.9,4.99,,,14.4,164.83,,9.9,54.7,81.93,"Rain, Partially cloudy"
Bangkok,07/22/2020,33.8,26,28.6,,41.5,7.07,,,19.2,162.08,,9.8,46.9,82.14,"Rain, Partially cloudy"
Bangkok,07/23/2020,34.8,26,29.7,,42.3,28.58,,,17,166.96,,9.9,43.6,76.61,"Rain, Partially cloudy"
Bangkok,07/24/2020,33.8,25,28.6,,41.2,80.78,,,11.6,178.65,,9.5,49,82.29,"Rain, Partially cloudy"
Bangkok,07/25/2020,31.3,26,28,,37.1,8.85,,,14,156.92,,9.8,54.6,83.99,"Rain, Partially cloudy"
Bangkok,07/26/2020,34.1,26,29.5,,42.1,10.54,,,18.8,160.42,48.2,9.6,46.8,78.87,"Rain, Partially cloudy"
Bangkok,07/27/2020,34.7,27,30.9,,41.9,0,,,17.7,207.04,,10.1,38.5,71.28,Partially cloudy
Bangkok,07/28/2020,33.8,25.8,29.3,,40.6,43.8,,,23,147.42,,9.8,53.6,78.8,"Rain, Partially cloudy"
Bangkok,07/29/2020,34.3,26.7,29.9,,41.3,9.07,,,19.2,198.17,46.4,9.9,50.4,74.02,"Rain, Partially cloudy"
Bangkok,07/30/2020,34.5,26.8,30.4,,41,0,,,22.8,246.79,,10,43.3,68.77,Partially cloudy
Bangkok,07/31/2020,34,27.8,30.6,,41.1,1.74,,,22.4,238.83,,10,43.7,68.07,"Rain, Partially cloudy"
Bangkok,8/1/2020,33,28,30.3,,39.7,0,,,26.1,247.92,,10,49.9,67.11,Partially cloudy
Bangkok,8/2/2020,30.9,27,29,,36.2,1.96,,,27.9,234.08,,9.9,51.6,72.65,"Rain, Partially cloudy"
Bangkok,8/3/2020,32,26.2,29,,38.9,3.94,,,24.8,211.67,,9.9,56.1,75.06,"Rain, Partially cloudy"
Bangkok,8/4/2020,31.8,25,28.5,,38.9,16.29,,,24.4,185.58,37.1,9.3,62.7,81.79,"Rain, Partially cloudy"
Bangkok,8/5/2020,31.7,25.2,28.7,,37.3,14.31,,,20,237.88,,9.8,57,80.35,"Rain, Partially cloudy"
Bangkok,8/6/2020,33.8,26.8,29.9,,41,5.05,,,29.2,233.3,37.1,10,51.2,71.81,"Rain, Partially cloudy"
Bangkok,8/7/2020,30.4,26.2,28.1,,37.1,2.43,,,16.2,217.08,,9.6,49.9,81.74,"Rain, Partially cloudy"
Bangkok,8/8/2020,33.5,24.8,28.1,,41,12.16,,,27.9,167.79,,9.6,56.6,84.07,"Rain, Partially cloudy"
Bangkok,8/9/2020,33.5,27,30.1,,41.3,0,,,22.1,206.04,42.5,10,47.3,76.88,Partially cloudy
Bangkok,8/10/2020,32.8,28,30,,40.3,3.04,,,23.5,225.08,,10,46.9,72.74,"Rain, Partially cloudy"
Bangkok,8/11/2020,32.8,27,29.8,,41.5,0,,,22.3,206.25,,10.1,48.9,72.03,Partially cloudy
Bangkok,8/12/2020,32.8,26.6,29.2,,39.2,21.08,,,24.1,200.71,,9.9,54.4,78.6,"Rain, Partially cloudy"
Bangkok,08/13/2020,32.8,24.4,28.1,,38.7,19.23,,,24.9,170,,9.6,52.8,83.51,"Rain, Partially cloudy"
Bangkok,08/14/2020,31.8,23.8,26.5,,36.7,27.71,,,29.2,141.5,55.4,8.8,58.7,88.75,"Rain, Partially cloudy"
Bangkok,08/15/2020,30,24,27,,38,79.19,,,15.4,183.33,,9.7,53.5,86.97,"Rain, Partially cloudy"
Bangkok,08/16/2020,33.3,26.2,29.2,,39.6,5,,,17.2,194.88,,10.2,46.3,79.29,"Rain, Partially cloudy"
Bangkok,08/17/2020,33.5,26.8,29.2,,40.2,1.63,,,15.1,220.25,,10,50.8,77.57,"Rain, Partially cloudy"
Bangkok,08/18/2020,34,27,30.1,,38.9,0,,,18,234.79,,10.1,42.7,69.33,Partially cloudy
Bangkok,08/19/2020,34.5,25.4,29.7,,40.9,26.41,,,16.3,173.42,,9.9,41.2,71.9,"Rain, Partially cloudy"
Bangkok,08/20/2020,33.2,26,29.5,,40.6,4.49,,,17.1,186.92,,9.5,49.5,74.72,"Rain, Partially cloudy"
Bangkok,08/21/2020,33,26.2,29.4,,39.5,3.18,,,26.5,260.63,46.4,9.9,50.5,75.2,"Rain, Partially cloudy"
Bangkok,08/22/2020,33,25.8,28.8,,38.7,22.1,,,32.4,231.5,,9.7,53.7,78.61,"Rain, Partially cloudy"
Bangkok,08/23/2020,33.5,25.2,28.5,,40,29.54,,,21,179.58,,9.9,52.2,81.11,"Rain, Partially cloudy"
Bangkok,08/24/2020,33.8,26.4,30.1,,39.4,68,,,18,235.96,,10,42.4,68.49,"Rain, Partially cloudy"
Bangkok,08/25/2020,35.9,28,31.2,,40.8,0,,,16.4,244.83,,10.1,32.7,64.77,Partially cloudy
Bangkok,08/26/2020,36.9,28,31.6,,40.7,0,,,18.4,250.38,31.7,10.1,23.7,61.69,Clear
Bangkok,08/27/2020,35.6,27,30.9,,40,0,,,25.2,258.67,27.7,10.1,28.9,61.75,Partially cloudy
Bangkok,08/28/2020,34.9,23.8,28.8,,41.1,29.58,,,26.2,238.21,51.8,9.4,55.3,75.63,"Rain, Partially cloudy"
Bangkok,08/29/2020,34.9,25,29.8,,41.6,1.6,,,18,196.71,,10,36.6,70.62,"Rain, Partially cloudy"
Bangkok,08/30/2020,34.1,27,30.2,,42.3,2.44,,,27.7,145.75,,10,47.6,76.68,"Rain, Partially cloudy"
Bangkok,08/31/2020,34.3,26.8,30.3,,44,17.95,,,17,145.54,,9.8,47.8,77.61,"Rain, Partially cloudy"
Bangkok,9/1/2020,32.3,24.2,28.2,,40,92.64,,,14.3,180.92,,9.2,52.4,82.79,"Rain, Partially cloudy"
Bangkok,9/2/2020,33.3,26.5,29.7,,42.1,6.63,,,27,260.91,37.1,9.8,48.1,77.12,"Rain, Partially cloudy"
Bangkok,9/3/2020,34.9,26.1,29.9,,42.6,9.78,,,14.8,196.64,,10,41.8,74.52,"Rain, Partially cloudy"
Bangkok,9/4/2020,34.8,26.8,30.3,,43,10.27,,,18.4,184.57,,9.9,47.3,76.32,"Rain, Partially cloudy"
Bangkok,9/5/2020,33.2,26.5,30,,41.4,35.8,,,17,177.04,,9.9,45.7,77.52,"Rain, Partially cloudy"
Bangkok,9/6/2020,34.2,26,30.3,,42.8,3.59,,,22.1,208.3,42.5,10,49.1,75.41,"Rain, Partially cloudy"
Bangkok,9/7/2020,34.5,27,29.7,,43,6.13,,,18.7,201.18,,9.8,56.5,77.53,"Rain, Partially cloudy"
Bangkok,9/8/2020,35,26.8,29.5,,42.2,20.22,,,18.4,171.08,,10.1,44.9,75.77,"Rain, Partially cloudy"
Bangkok,9/9/2020,33.1,26,29.1,,42.3,10.79,,,16.2,115.04,,9.7,50,81.65,"Rain, Partially cloudy"
Bangkok,9/10/2020,34.6,27.2,29.7,,43,27.44,,,13.6,141.05,,9.8,46.6,79.82,"Rain, Partially cloudy"
Bangkok,9/11/2020,33.8,26.8,30.1,,42,0.76,,,21.7,168.52,,10,42.8,76.03,"Rain, Partially cloudy"
Bangkok,9/12/2020,33.7,27,29.6,,40.7,12.95,,,20.6,181.08,,9.7,44.4,78.41,"Rain, Partially cloudy"
Bangkok,09/13/2020,32.6,26.7,29.5,,40.2,10.12,,,15.2,149.83,,9.9,44.7,80.17,"Rain, Partially cloudy"
Bangkok,09/14/2020,32.8,26.2,29.7,,40.9,14.41,,,15.6,158.38,,10,46.6,79.84,"Rain, Partially cloudy"
Bangkok,09/15/2020,32.8,25,28.5,,40.1,59.67,,,19.2,161.54,,9.6,51.4,82.5,"Rain, Partially cloudy"
Bangkok,09/16/2020,34.3,26,29.6,,41.3,18.97,,,18.8,192.58,,10,44.6,76.87,"Rain, Partially cloudy"
Bangkok,09/17/2020,34.4,27.1,30.4,,42.8,5,,,17.6,254.79,,10,41.8,72.77,"Rain, Partially cloudy"
Bangkok,09/18/2020,30.3,27,28.6,,36.8,2.2,,,18.8,249.88,,9.6,53.7,78.62,"Rain, Partially cloudy"
Bangkok,09/19/2020,28.3,26,27.1,,33.9,13.14,,,22.1,200.79,46.4,8.4,71.8,88.81,"Rain, Partially cloudy"
Bangkok,09/20/2020,28.8,26,27.4,,34.7,7.95,,,19.2,167.13,,9.7,60.4,87.14,"Rain, Partially cloudy"
Bangkok,09/21/2020,32.8,25,28.1,,40.3,2.08,,,17.2,164.63,,9.4,52.4,85.44,"Rain, Partially cloudy"
Bangkok,09/22/2020,32.6,25.2,29.1,,39.5,5.59,,,13.8,160.79,,9.6,51.3,81.82,"Rain, Partially cloudy"
Bangkok,09/23/2020,33.2,24.8,28.4,,42.3,70.9,,,17.2,159.63,,9,54,87.33,"Rain, Partially cloudy"
Bangkok,09/24/2020,32.1,24.8,27.7,,38.6,52.88,,,18.9,195.17,53.6,9.6,53,83.22,"Rain, Partially cloudy"
Bangkok,09/25/2020,33.5,26,29.8,,39.2,0,,,16.6,237.46,,10,37.1,71.17,Partially cloudy
Bangkok,09/26/2020,34,27,30.6,,40,0,,,20.2,226,,10,42.5,67.21,Partially cloudy
Bangkok,09/27/2020,34.8,24,30.1,,41.3,48.96,,,25.2,231.38,,9.6,44.1,71.22,"Rain, Partially cloudy"
Bangkok,09/28/2020,31.8,24.8,27.3,,38.6,70.65,,,18.4,162.25,,9.5,54.9,87.51,"Rain, Partially cloudy"
Bangkok,09/29/2020,32.3,25,27.9,,39.6,55.32,,,22.8,169.08,,9.6,53,86.18,"Rain, Partially cloudy"
Bangkok,09/30/2020,33,26,29.1,,39.2,25.96,,,19.6,201.46,,9.8,47,77.09,"Rain, Partially cloudy"
Bangkok,10/1/2020,33,25,29.5,,40.4,7.9,,,18.8,250.92,,9.8,46.4,72.67,"Rain, Partially cloudy"
Bangkok,10/2/2020,33.5,24.3,28.2,,42.4,110.29,,,25.6,231.65,,9.4,52.7,82.2,"Rain, Partially cloudy"
Bangkok,10/3/2020,30.3,25,27.2,,36.9,53.7,,,9.8,118.63,,9.6,54.1,89.36,"Rain, Partially cloudy"
Bangkok,10/4/2020,32.5,24.8,28,,39.5,29.82,,,14,162.63,,9.7,52.2,84.78,"Rain, Partially cloudy"
Bangkok,10/5/2020,32.5,25.8,28.7,,39.3,57.91,,,12.6,185.67,,9.8,53.7,82.45,"Rain, Partially cloudy"
Bangkok,10/6/2020,33,25.6,28.2,,41.1,8.11,,,16.3,240.5,42.5,9.4,50.3,84.06,"Rain, Partially cloudy"
Bangkok,10/7/2020,33.6,26,29.2,,39.9,1.99,,,23.7,160.92,,9.8,46.2,78.26,"Rain, Partially cloudy"
Bangkok,10/8/2020,28.1,24,26.1,,32.9,14.72,,,25.6,153.21,35.3,8.5,85.6,87.66,"Rain, Overcast"
Bangkok,10/9/2020,27.2,24,25.3,,31,14.42,,,13.6,74.38,,7.9,85.9,93.39,"Rain, Overcast"
Bangkok,10/10/2020,27.8,24,25.5,,30.9,21.95,,,15.4,176.83,,8.9,80.2,89.03,"Rain, Overcast"
Bangkok,10/11/2020,27.8,24.7,26,,31.4,12.2,,,15.2,190.29,,8.6,79.3,88.47,"Rain, Overcast"
Bangkok,10/12/2020,31.1,25,27.5,,36.5,3.18,,,10.8,204.38,,8.9,62.2,80.96,"Rain, Partially cloudy"
Bangkok,10/13/2020,26.2,24,25.1,,,26.91,,,15.3,197.29,,8.3,83.6,90.37,"Rain, Overcast"
Bangkok,10/14/2020,32.5,23.8,27.4,,37.7,21.29,,,14.4,238,,9.4,63.2,82.24,"Rain, Partially cloudy"
Bangkok,10/15/2020,33.8,25.7,29.1,,39.8,8.2,,,15.4,200.54,,9.7,60.9,75.91,"Rain, Partially cloudy"
Bangkok,10/16/2020,29.8,24.8,26.9,,36.5,47.54,,,11.6,181.83,,8.3,81.8,91.45,"Rain, Overcast"
Bangkok,10/17/2020,26.2,24,24.9,,,46.9,,,17.4,224.92,35.3,8.4,86.1,95.29,"Rain, Overcast"
Bangkok,10/18/2020,26,22,23.8,,,13.28,,,15.4,114.17,,8.3,94.6,92.04,"Rain, Overcast"
Bangkok,10/19/2020,27.1,23,25.2,,30.1,0.4,,,11.2,248.92,,9,80.6,87.85,"Rain, Overcast"
Bangkok,10/20/2020,28.8,24,26.1,,33.2,1.38,,,16.2,238.87,,9,66.5,83.05,"Rain, Partially cloudy"
Bangkok,10/21/2020,29.8,24,26.8,,34,0,,,13.2,183.54,,9.6,57.8,78.43,Partially cloudy
Bangkok,10/22/2020,31.9,24.4,27.9,,35.6,0,,,16.3,161.54,,9.8,55.8,72.87,Partially cloudy
Bangkok,10/23/2020,31.6,25.5,28.2,,34.1,0,,,16.2,107.71,,10,52.9,68.47,Partially cloudy
Bangkok,10/24/2020,32.9,24,28,,34.1,0,,,17.2,142.83,35.3,10,27.8,61.62,Partially cloudy
Bangkok,10/25/2020,32.8,24,28.4,,34.9,0,,,14.4,142.95,,9.9,27.2,62.35,Partially cloudy
Bangkok,10/26/2020,32.4,25.8,28.9,,36.8,0,,,15.8,76.14,,9.8,44.5,67.01,Partially cloudy
Bangkok,10/27/2020,30.6,25.8,27.4,,36.1,0,,,12.6,120.54,,9.4,67.2,75.39,Partially cloudy
Bangkok,10/28/2020,31.1,25,27.9,,35.5,0,,,14.3,260.79,,9.3,49.2,78.18,Partially cloudy
Bangkok,10/29/2020,28.3,25,27,,32.6,5.31,,,14.8,267.04,,9,62.4,82.58,"Rain, Partially cloudy"
Bangkok,10/30/2020,31.8,24,27.1,,37.1,3.33,,,13.3,155.63,,9,65,84.18,"Rain, Partially cloudy"
Bangkok,10/31/2020,32.1,25.8,27.1,,39.5,29.83,,,16.7,121.29,50,8.9,66.7,89.65,"Rain, Partially cloudy"
Bangkok,11/1/2020,29.6,25,27.4,,34.6,0,,,16.6,131.17,,9.5,50.8,84.87,Partially cloudy
Bangkok,11/2/2020,33.4,25.8,29.1,,39,0,,,13.7,95.71,,9.6,37.4,75.37,Partially cloudy
Bangkok,11/3/2020,33,26.8,29.7,,37,0.1,,,25.5,71.46,,10,43.8,64.96,"Rain, Partially cloudy"
Bangkok,11/4/2020,32.6,25.2,28.9,,36.3,0,,,14.2,86.5,,9.9,38,69.05,Partially cloudy
Bangkok,11/5/2020,32.5,25,28.6,,36.1,0,,,14.5,117.92,,9.7,40.7,69.53,Partially cloudy
Bangkok,11/6/2020,32.9,25,28.5,,36.9,16,,,16.2,63.54,,9.9,36.5,71.41,"Rain, Partially cloudy"
Bangkok,11/7/2020,30.5,24.8,27.2,,33.4,1.44,,,16.4,81.09,,9.5,72.9,75.99,"Rain, Partially cloudy"
Bangkok,11/8/2020,30.9,25.1,27.8,,33.6,0.83,,,17,119.71,42.5,8.9,64.4,70.68,"Rain, Partially cloudy"
Bangkok,11/9/2020,31.9,23.4,27.8,,33.6,0,,,19.6,42.08,,9.6,34,63.87,Partially cloudy
Bangkok,11/10/2020,32.1,23.2,27.4,,33.5,0,,,16.8,45.13,35.3,9.8,29,61.28,Partially cloudy
Bangkok,11/11/2020,28,23.2,25.6,,29.1,0.08,,,32.2,16.83,,9.6,55.6,65.43,"Rain, Partially cloudy"
Bangkok,11/12/2020,26.9,22.8,24.7,,28.7,1.64,,,16.2,56.83,,9.4,73.6,76.29,"Rain, Partially cloudy"
Bangkok,11/13/2020,32,24,27.6,,33.1,0,,,16.2,89.83,38.9,9.5,38.9,59.93,Partially cloudy
Bangkok,11/14/2020,32.3,22.2,27.1,,32.6,0,,,13.8,100.83,,9.6,21.4,53.72,Clear
Bangkok,11/15/2020,33.1,22.5,27.9,,33.8,0,,,13.8,100.39,,9.6,23.3,54.71,Clear
Bangkok,11/16/2020,32.7,24,28.6,,36,0,,,14.8,78.5,29.5,9.7,34.1,64.97,Partially cloudy
Bangkok,11/17/2020,34.5,25,29.7,,39.2,0,,,11.2,127.91,,9.6,34.2,67.24,Partially cloudy
Bangkok,11/18/2020,34.1,26.8,30.3,,38.9,0,,,14.4,111.63,,9.7,33.7,67.28,Partially cloudy
Bangkok,11/19/2020,35.8,26.8,31,,40.4,0,,,12.6,166.63,,9.5,24.3,64.8,Clear
Bangkok,11/20/2020,34.2,27.8,30.3,,42.2,16.67,,,13,193.83,,9,34.6,70.96,"Rain, Partially cloudy"
Bangkok,11/21/2020,32.8,25.5,28.2,,40.3,21.05,,,19.6,140.54,35.3,8.7,50.2,81.87,"Rain, Partially cloudy"
Bangkok,11/22/2020,32.1,25,28,,38.9,32.14,,,13.6,166.57,,9.6,61.3,83.04,"Rain, Partially cloudy"
Bangkok,11/23/2020,33,26.5,28.9,,38.6,10,,,15.8,141.04,,9,45.2,77.72,"Rain, Partially cloudy"
Bangkok,11/24/2020,33.5,25.7,29.4,,38.8,0,,,15.4,83.25,,9.6,32.7,68.99,Partially cloudy
Bangkok,11/25/2020,33.6,25,29.2,,37.9,0,,,15.5,54.75,,9.9,33.5,67.7,Partially cloudy
Bangkok,11/26/2020,33.1,26,29.3,,37.3,0,,,16.6,71.33,,9.8,30.9,65.11,Partially cloudy
Bangkok,11/27/2020,31.7,25.1,28.3,,35.7,0,,,18.4,43.13,,9.9,34.3,66.22,Partially cloudy
Bangkok,11/28/2020,32.7,25,28.5,,34.7,0,,,15.1,63.83,,10,31.7,61.23,Partially cloudy
Bangkok,11/29/2020,31.5,24.2,27.9,,33.6,0,,,17.3,66.5,44.6,10,33.6,63.07,Partially cloudy
Bangkok,11/30/2020,31.6,25.2,27.8,,33.4,0,,,16.6,53.96,,9.8,42.9,60.66,Partially cloudy
Bangkok,12/1/2020,30.6,25,27.2,,32.6,0,,,17.2,36.46,,9.8,44.3,63.07,Partially cloudy
Bangkok,12/2/2020,30.5,25,28.1,,33.2,0,,,17.2,63.21,29.5,10,66.2,63.17,Partially cloudy
Bangkok,12/3/2020,30.8,25,27.7,,33.1,0,,,14.6,83.67,,10,40.2,64.8,Partially cloudy
Bangkok,12/4/2020,29.5,22.2,26.1,,30.8,0,,,17.7,67.29,,10,27.1,59.2,Partially cloudy
Bangkok,12/5/2020,29.4,20.2,24.8,,29.7,0,,,18.8,42.67,,10,8.9,57.92,Clear
Bangkok,12/6/2020,29.5,20.8,25.2,,30.4,0,,,13.6,121.17,,9.9,21.8,61.3,Clear
Bangkok,12/7/2020,31.3,20.8,26.2,,32.4,0,,,11.6,112,,9.7,43.7,61.08,Partially cloudy
Bangkok,12/8/2020,31.2,23.2,27.2,,32.9,0,,,13.6,65.71,31.7,9.8,46.5,61.97,Partially cloudy
Bangkok,12/9/2020,31.5,22.2,26.5,,32.4,0,,,12.6,112.5,,9.4,17.2,60.64,Clear
Bangkok,12/10/2020,31.9,20.8,26.3,,33,0,,,13.6,185.88,,9,10.6,59.49,Clear
Bangkok,12/11/2020,32.2,23.9,27.8,,34,0,,,13.6,239.13,33.5,9,42,58.83,Partially cloudy
Bangkok,12/12/2020,33,24.8,28.9,,37.6,0,,,9.9,236.79,,9.2,27.4,62.91,Partially cloudy
Bangkok,12/13/2020,33.2,26.3,29.4,,37.3,0,,,11.2,209.54,,9.3,34,66.89,Partially cloudy
Bangkok,12/14/2020,33,26,28.9,,38.2,0,,,13.6,208.48,,7.5,35.6,77.55,Partially cloudy
Bangkok,12/15/2020,33.3,25.8,29.5,,38,0,,,12.2,90.21,,7.6,40.4,71.55,Partially cloudy
Bangkok,12/16/2020,31.9,26,28.9,,37.2,0,,,17.6,58.38,,8.9,49.4,73.02,Partially cloudy
Bangkok,12/17/2020,32.2,24.2,28.3,,35.7,0,,,12.2,60.79,29.5,9.7,35.9,67.31,Partially cloudy
Bangkok,12/18/2020,32.2,24.2,28.2,,35.5,0,,,15.8,96.92,,9.7,35.7,64.06,Partially cloudy
Bangkok,12/19/2020,31.5,24,27,,33.2,0,,,14,47.54,,9.8,34.5,62.54,Partially cloudy
Bangkok,12/20/2020,29.1,21.2,24.9,,29.8,0,,,15.4,64.21,,10,24,60.9,Clear
Bangkok,12/21/2020,28,19,23.1,,28.9,0,,,17.6,50.46,,10,23.6,58.52,Clear
Bangkok,12/22/2020,28.8,19.8,23.8,,29,0,,,20.2,197.17,31.7,9.2,26.1,56.25,Partially cloudy
Bangkok,12/23/2020,29.1,20,24.4,,29.6,0,,,20.6,259.29,,8.6,33.5,58.43,Partially cloudy
Bangkok,12/24/2020,31.6,22,26.9,,33.4,0,,,17.2,164.04,,8.7,57.1,59.76,Partially cloudy
Bangkok,12/25/2020,31.3,25.2,27.2,,34.1,0,,,16.2,92.3,,8.7,56.4,67.2,Partially cloudy
Bangkok,12/26/2020,32.5,24,28.2,,36.2,0,,,15.2,70.22,,9.3,39.4,69.09,Partially cloudy
Bangkok,12/27/2020,33.5,25.9,29.1,,37.3,0,,,13,116.96,,9.6,38.7,68.27,Partially cloudy
Bangkok,12/28/2020,33.3,25,29,,39.2,0,,,13.4,160.58,,9.7,37.9,73.83,Partially cloudy
Bangkok,12/29/2020,34.2,25.8,29.5,,39,0,,,12.2,209.43,,9.1,33.9,72.16,Partially cloudy
Bangkok,12/30/2020,33,25.2,28.9,,33.9,0,,,26.3,91.17,,9.2,31.6,62.02,Partially cloudy
Bangkok,12/31/2020,29.3,21.2,24.9,,29.7,0,,,19.1,63.08,44.6,9.9,29.7,58.9,Partially cloudy
Bangkok,1/1/2021,28.3,19.2,23.3,,28.4,0,,,15.2,55.42,35.3,9.8,20.4,57.56,Clear
Bangkok,1/2/2021,28.5,18.7,23.6,,28.5,0,,,15.7,150.08,,10,11.1,55.54,Clear
Bangkok,1/3/2021,30.4,21.2,25.7,,30.7,0,,,16.6,196.09,,9.8,15.5,54.66,Clear
Bangkok,1/4/2021,31,22,26.4,,32.2,0,,,17,79.5,,9.6,21,59.83,Clear
Bangkok,1/5/2021,32.3,22.6,27.5,,33.4,0,,,12.1,139.48,,9.7,49.2,60.45,Partially cloudy
Bangkok,1/6/2021,33.7,24.7,29,,35.9,0,,,13.4,82.92,,9.6,42.6,59.93,Partially cloudy
Bangkok,1/7/2021,33.3,24,28.6,,35.8,0,,,14.8,88.96,,9.9,27.3,60.92,Partially cloudy
Bangkok,1/8/2021,31.4,24,27.7,,33.6,0,,,24.6,74.58,44.6,9.9,30.6,63,Partially cloudy
Bangkok,1/9/2021,29.2,22,25.2,,29.8,0,,,22.3,61.58,,9.9,24.7,61.06,Clear
Bangkok,1/10/2021,30.2,20.7,25.2,,30.4,0,,,18.4,82.67,37.1,9.6,22.7,58.11,Clear
Bangkok,1/11/2021,29.5,20.2,24.9,,29.8,0,,,20,80,,9.8,30.1,58.94,Partially cloudy
Bangkok,1/12/2021,26.4,17,21.3,,,0,,,18.6,69.83,,9.3,30.5,53.35,Partially cloudy
Bangkok,01/13/2021,27.7,16,21.3,,27.3,0,,,13.9,232.64,,8.6,18.6,48.16,Clear
Bangkok,01/14/2021,30.3,17,23.4,,30,0,,,11.6,213,,8.5,12.6,55.07,Clear
Bangkok,01/15/2021,32,19.5,25,,32.3,0,,,11.2,147.77,,7.8,11.6,60.68,Clear
Bangkok,01/16/2021,31.7,21.1,25.8,,34,0,,,13.4,163.91,,6.8,24.8,69.85,Clear
Bangkok,01/17/2021,32.1,23,27,,33.8,0,,,15.7,90.96,37.1,7.4,33.8,69.11,Partially cloudy
Bangkok,01/18/2021,28.2,20.2,24.2,,28.2,0,,,23.2,101.5,40.7,9.7,23.5,56.53,Clear
Bangkok,01/19/2021,28.3,18.2,22.9,,28.1,0,,,13.4,87.92,,9,23.9,57.69,Clear
Bangkok,01/20/2021,29.9,18.7,24.1,,29.4,0,,,9.8,122.17,,8.1,25.6,57.14,Partially cloudy
Bangkok,01/21/2021,31.4,19.4,24.8,,31.1,0,,,12.1,153.25,,8.2,20.4,57.37,Clear
Bangkok,01/22/2021,32.3,20,25.9,,32.6,0,,,11.6,157.22,,7.7,23.7,59.22,Clear
Bangkok,01/23/2021,33,22,27.1,,34,0,,,13,156,,7,25.1,62.04,Partially cloudy
Bangkok,01/24/2021,32.5,23.2,27.6,,34.7,0,,,14.3,171.75,,8.4,30,69.19,Partially cloudy
Bangkok,01/25/2021,33.1,24.2,28,,37.7,0,,,13,156,27.7,8.5,32.3,73.92,Partially cloudy
Bangkok,01/26/2021,33.1,24,28.4,,37.6,0,,,11.6,150.83,,8.6,36.2,74.56,Partially cloudy
Bangkok,01/27/2021,33.4,25.9,28.8,,37,0,,,13,154.79,,8.1,45.7,72.64,Partially cloudy
Bangkok,01/28/2021,33.7,25.7,29.3,,39.4,0,,,12.5,144.54,,8,38.8,70.86,Partially cloudy
Bangkok,01/29/2021,31.5,25,27.9,,33,0,,,25.5,84.21,,8.7,36.9,59.57,Partially cloudy
Bangkok,01/30/2021,32.8,24,27.5,,34.6,0,,,15.7,76.54,35.3,8.9,30.3,57.5,Partially cloudy
Bangkok,01/31/2021,32.3,22.5,27.3,,33,0,,,19.5,98.54,,8.7,15.9,56.36,Clear
Bangkok,2/1/2021,33.6,23.7,28.4,,34.4,0,,,13,109.63,,7.9,15.1,57.62,Clear
Bangkok,2/2/2021,34.5,24,29,,35.4,0,,,13.9,132.52,,8.7,18.7,58.73,Clear
Bangkok,2/3/2021,34.3,24.2,28.8,,34.9,0,,,20.5,114.54,37.1,8.5,16.1,60.42,Clear
Bangkok,2/4/2021,32.9,24,27.9,,33.2,0,,,23.7,65.58,,8.1,15.4,62.2,Clear
Bangkok,2/5/2021,33.7,22.5,28.1,,33.2,0,,,13,76.5,,8.8,15.3,52.39,Clear
Bangkok,2/6/2021,33,22.7,28,,33.5,0,,,18.6,110.75,,9.4,22.2,54.15,Clear
Bangkok,2/7/2021,34,23.7,28.6,,36.6,0,,,14.3,127.71,,8.8,25.2,63.68,Partially cloudy
Bangkok,2/8/2021,32.7,25,28.5,,37.5,0,,,17.5,174.67,,8.3,38.2,76.28,Partially cloudy
Bangkok,2/9/2021,30.2,25.9,27.6,,34.5,30.19,,,21.4,176.42,,7.6,60.7,78.25,"Rain, Partially cloudy"
Bangkok,2/10/2021,31.5,23.3,27,,33.3,123.25,,,13.4,101.95,31.7,8.9,48.6,67.91,"Rain, Partially cloudy"
Bangkok,2/11/2021,32.6,22,27.2,,32.4,0,,,13.5,173.5,,9.5,25.4,58.47,Partially cloudy
Bangkok,2/12/2021,32.9,22.3,27.5,,32.5,0,,,14.1,142.53,31.7,9.7,25,52.9,Clear
Bangkok,02/13/2021,32.6,23.7,27.8,,34.3,0,,,13.4,144.05,27.7,7.4,32.1,70.46,Partially cloudy
Bangkok,02/14/2021,32.5,24.3,28.2,,36.5,0,,,12.2,146.92,,8.7,33.9,72.21,Partially cloudy
Bangkok,02/15/2021,33.5,25,28.6,,37.3,0,,,16.2,184.04,,9.3,40.4,72.91,Partially cloudy
Bangkok,02/16/2021,33,24.7,28.7,,39.8,0,,,17.9,178.5,,9,37.1,73.46,Partially cloudy
Bangkok,02/17/2021,34,25.2,28.8,,37.4,0.1,,,16.6,162.17,,8.3,46.8,74.3,"Rain, Partially cloudy"
Bangkok,02/18/2021,31.2,24.7,27.8,,32,0,,,28.6,83.58,40.7,9.1,25.7,61.57,Partially cloudy
Bangkok,02/19/2021,31.1,22,27,,31.1,0,,,18.9,61.5,42.5,9.7,17.2,52.59,Clear
Bangkok,02/20/2021,31.3,21.3,26.6,,30.9,0,,,22,84.09,,9.8,27.2,53.63,Partially cloudy
Bangkok,02/21/2021,33.9,22.2,27.9,,33.6,0,,,13,142.95,27.7,9.4,29.2,53.66,Partially cloudy
Bangkok,02/22/2021,33.6,23.5,28,,35.8,0,,,17,161.79,,8,27.4,70.33,Partially cloudy
Bangkok,02/23/2021,33.5,24,28.5,,36.7,0,,,13.9,178.29,,8.8,31,71.24,Partially cloudy
Bangkok,02/24/2021,33.7,25.9,28.9,,36.7,0,,,18.4,183.26,,8.7,29.9,68.89,Partially cloudy
Bangkok,02/25/2021,35.5,24.2,29.6,,37.8,0,,,14.8,208.75,,8.5,29.7,63.61,Partially cloudy
Bangkok,02/26/2021,36.5,25.7,30.1,,37,0,,,18.4,195.08,,9.2,20.3,58.99,Clear
Bangkok,02/27/2021,36.5,24.7,29.7,,37.4,0,,,15.7,175.25,,8.6,18.2,63.66,Clear
Bangkok,02/28/2021,33.7,24.2,28.7,,38.5,0,,,19.4,175.29,,8,25.1,73.77,Partially cloudy
Bangkok,3/1/2021,34.5,24.5,29.2,,39.6,0,,,19.4,175.92,,9.3,38.9,70.64,Partially cloudy
Bangkok,3/2/2021,34.5,27,30,,39.6,0,,,18,187.54,,10,54.4,70.78,Partially cloudy
Bangkok,3/3/2021,32.9,27,29,,40,2.99,,,27.8,188.17,,10,52.4,77.27,"Rain, Partially cloudy"
Bangkok,3/4/2021,34.5,25,29.4,,39.3,0.7,,,18.9,163.71,,9.4,40.8,74.54,"Rain, Partially cloudy"
Bangkok,3/5/2021,34.3,26.7,30,,40.1,0,,,20.3,195.67,,10,37.4,70.92,Partially cloudy
Bangkok,3/6/2021,36.2,26,30.1,,41.9,0,,,16.1,194.58,,10,33,71.41,Partially cloudy
Bangkok,3/7/2021,35.7,26,29.9,,41.1,0,,,22.8,179.88,,9.9,35.1,72.91,Partially cloudy
Bangkok,3/8/2021,34.5,26.5,29.4,,40.8,3.1,,,21.4,151.54,,9.8,47.1,73.35,"Rain, Partially cloudy"
Bangkok,3/9/2021,35,26.2,29.3,,40.8,11,,,16.2,177.46,,9.4,44.5,73.33,"Rain, Partially cloudy"
Bangkok,3/10/2021,33.7,25.5,29.1,,40.1,6.16,,,22.3,161.57,,8.8,43.8,73.75,"Rain, Partially cloudy"
Bangkok,3/11/2021,35.5,24.2,29.5,,41.3,0.45,,,13.9,156,,9.1,36.8,71.41,"Rain, Partially cloudy"
Bangkok,3/12/2021,34.7,26,30.3,,41.6,0,,,17.6,160.23,,9.3,37.1,71.03,Partially cloudy
Bangkok,03/13/2021,34.5,27,30,,41.2,0,,,18.4,167.63,,9.5,45.3,73.05,Partially cloudy
Bangkok,03/14/2021,33,26.2,29.7,,40.1,0,,,19.5,190.46,,9.8,44.1,74.53,Partially cloudy
Bangkok,03/15/2021,34.5,26,29.8,,39.7,0,,,20.5,185.46,,9.6,39.1,73.21,Partially cloudy
Bangkok,03/16/2021,33.7,27,29.9,,39.6,0,,,19.4,192.54,,9.5,36.5,72.67,Partially cloudy
Bangkok,03/17/2021,34.5,27.2,30,,40.5,0,,,19.4,189.38,,9.3,39.9,74.08,Partially cloudy
Bangkok,03/18/2021,35.5,27.5,30.6,,41.7,0,,,16.6,189.08,,9.2,40.1,71.54,Partially cloudy
Bangkok,03/19/2021,34.7,28,30.6,,41.5,0,,,20.5,202.58,,9.4,42.1,72.56,Partially cloudy
Bangkok,03/20/2021,35.5,27.2,30.6,,42.2,0,,,20.5,183.42,,9.3,32.7,70.63,Partially cloudy
Bangkok,03/21/2021,35.5,27.8,30.7,,42.2,0,,,21,194.67,,9.8,35.7,71.94,Partially cloudy
Bangkok,03/22/2021,32.2,24.7,29,,36.6,4.99,,,17.6,84.75,42.5,8.9,64,74.05,"Rain, Partially cloudy"
Bangkok,03/23/2021,34,25,29.7,,37.2,0,,,13.9,98.22,35.3,9.7,38,59.78,Partially cloudy
Bangkok,03/24/2021,35.7,26,30.9,,38.9,0,,,14.3,112.08,,9.7,34.5,56.33,Partially cloudy
Bangkok,03/25/2021,35.5,26.5,30.6,,39.6,0,,,21,157.13,,8.8,33.3,67.89,Partially cloudy
Bangkok,03/26/2021,36,28,30.7,,42.7,0,,,23.7,204.58,,9.8,38.2,71.81,Partially cloudy
Bangkok,03/27/2021,35,28,30.7,,41,0,,,19.4,191.67,,10,35.5,71.74,Partially cloudy
Bangkok,03/28/2021,36,27.6,31.3,,43.6,0,,,20.5,195.67,,10,33,69.16,Partially cloudy
Bangkok,03/29/2021,36.5,28.1,31.2,,43.9,0,,,24.1,190.42,,10,37.7,70.34,Partially cloudy
Bangkok,03/30/2021,36.2,28.2,31.4,,44.2,0,,,19.8,189.33,,10,36.2,70.77,Partially cloudy
Bangkok,03/31/2021,36.7,28.7,31.6,,45.5,2,,,22.3,189.79,31.7,9.9,37.5,69.11,"Rain, Partially cloudy"
Bangkok,4/1/2021,35.5,29,31.3,,43.6,0,,,21.4,195,,10,39.5,70.09,Partially cloudy
Bangkok,4/2/2021,36.5,28.9,31.6,,42.6,0,,,20.7,196.92,,10,34.2,69.04,Partially cloudy
Bangkok,4/3/2021,36.2,28,31.1,,44.3,0,,,22.3,167.54,35.3,9.9,45.6,72.46,Partially cloudy
Bangkok,4/4/2021,33,25.2,28.4,,40.7,6.25,,,19.8,131.67,,9.9,62.2,81.9,"Rain, Partially cloudy"
Bangkok,4/5/2021,29.2,25,27.3,,34.8,0.43,,,13.9,219.17,,8,65,84.05,"Rain, Partially cloudy"
Bangkok,4/6/2021,31,25.8,27.8,,36.6,4.19,,,13.9,230.5,,7.7,57.5,84.39,"Rain, Partially cloudy"
Bangkok,4/7/2021,32.5,26,28.2,,38.9,13.99,,,17.5,224.46,,8.6,54.2,80.01,"Rain, Partially cloudy"
Bangkok,4/8/2021,34,25.2,29.5,,39.7,1.57,,,16.6,176.42,,8.7,46.3,74.06,"Rain, Partially cloudy"
Bangkok,4/9/2021,34.8,26,29.8,,43.1,12,,,21.9,157.63,,9.1,43.1,73.74,"Rain, Partially cloudy"
Bangkok,4/10/2021,35,26.2,29.7,,41.2,9,,,26.4,130.92,64.8,9.2,51,74.95,"Rain, Partially cloudy"
Bangkok,4/11/2021,35,25,28.6,,42.3,43.76,,,30.7,128.38,51.8,9,64,79.67,"Rain, Partially cloudy"
Bangkok,4/12/2021,32,25,28.6,,40.1,34.86,,,14.8,141.13,31.7,8.3,52.3,81.89,"Rain, Partially cloudy"
Bangkok,04/13/2021,34.5,26,30,,41.6,0,,,17.6,163.42,,9.5,44,76.53,Partially cloudy
Bangkok,04/14/2021,33.9,27.2,30,,40.1,1.21,,,23.7,194.29,38.9,9.8,42.2,75.61,"Rain, Partially cloudy"
Bangkok,04/15/2021,35,26,30,,43.2,1,,,19.8,152.08,42.5,9.4,40.9,73.88,"Rain, Partially cloudy"
Bangkok,04/16/2021,34.6,27,30.3,,41.7,1.3,,,25,186.33,,9.9,41.6,74.64,"Rain, Partially cloudy"
Bangkok,04/17/2021,35.3,26,30.1,,42.3,10,,,17,151.87,,9.3,47.2,74.09,"Rain, Partially cloudy"
Bangkok,04/18/2021,34,26.5,29.3,,40.9,68.34,,,26.8,165.13,,9.6,50.7,76.93,"Rain, Partially cloudy"
Bangkok,04/19/2021,33.5,24,28.7,,39.9,26.69,,,39.9,130.38,,9.7,54.3,78.68,"Rain, Partially cloudy"
Bangkok,04/20/2021,34.2,26.2,29.7,,39.9,13.47,,,14.3,152.21,,9.7,47.7,76.79,"Rain, Partially cloudy"
Bangkok,04/21/2021,32.5,27.2,29.7,,39.9,3.32,,,13.4,181.04,,9.9,46.3,76.44,"Rain, Partially cloudy"
Bangkok,04/22/2021,35.5,27.2,31,,43.8,3,,,18.9,198.38,,9.9,39.5,73.11,"Rain, Partially cloudy"
Bangkok,04/23/2021,35.7,26.7,31.3,,43.5,0.81,,,19.8,214.88,29.5,9.9,45.6,70.14,"Rain, Partially cloudy"
Bangkok,04/24/2021,35.5,26.2,30.6,,42.9,1.22,,,20,169.27,,9.8,45.8,74.21,"Rain, Partially cloudy"
Bangkok,04/25/2021,34.5,27,30.9,,42.2,8.22,,,20.5,186,,9.5,50.5,73.08,"Rain, Partially cloudy"
Bangkok,04/26/2021,33.7,26.2,29.6,,41.6,3.35,,,15.1,140.91,,9.7,53.5,76.46,"Rain, Partially cloudy"
Bangkok,04/27/2021,32,24.7,27.4,,39.9,99.58,,,15.4,147.79,51.8,9.1,62.7,88.81,"Rain, Partially cloudy"
Bangkok,04/28/2021,32.7,25.2,28.1,,39.9,15.62,,,12.2,144.83,,8.4,54.6,84.28,"Rain, Partially cloudy"
Bangkok,04/29/2021,32.1,25.2,27.7,,38.3,2.09,,,17,125.78,,9.5,60.1,84.68,"Rain, Partially cloudy"
Bangkok,04/30/2021,30.6,25.2,28,,37.6,8.79,,,17.9,157.83,,9.4,52.2,84.07,"Rain, Partially cloudy"
Bangkok,5/1/2021,32.1,24.8,27.8,,38.7,16.28,,,12.5,134.04,,9.2,51.6,83.68,"Rain, Partially cloudy"
Bangkok,5/2/2021,34,26,29,,41.5,8.81,,,16.6,159.22,46.4,8.8,43.5,80.01,"Rain, Partially cloudy"
Bangkok,5/3/2021,33,26,29,,41.7,22.86,,,20.9,135.7,,9.7,48,79.58,"Rain, Partially cloudy"
Bangkok,5/4/2021,35.7,27.2,30.4,,43.2,0,,,11.2,150.54,,9.5,46.1,74.49,Partially cloudy
Bangkok,5/5/2021,35.5,26,31,,46.2,0,,,12.1,189.46,,9.7,37.7,68.63,Partially cloudy
Bangkok,5/6/2021,30.5,24,27.4,,37.7,6.51,,,22.6,204.67,70.6,9.7,57.2,81.31,"Rain, Partially cloudy"
Bangkok,5/7/2021,32.9,24,28.3,,38.2,10.91,,,37,180.08,,9.5,59.9,77.04,"Rain, Partially cloudy"
Bangkok,5/8/2021,34.9,24.5,29.2,,42.3,35.58,,,21.3,262.22,,9.6,50.3,76.25,"Rain, Partially cloudy"
Bangkok,5/9/2021,33.6,25,29.1,,41.5,4,,,14.3,264.38,,9.9,45.4,78.85,"Rain, Partially cloudy"
Bangkok,5/10/2021,35.5,27.8,31.1,,43.1,0,,,14,215.42,,9.9,41.1,72.18,Partially cloudy
Bangkok,5/11/2021,34.1,28,30.6,,41.8,6,,,13.4,183.38,,9.7,46.1,75.43,"Rain, Partially cloudy"
Bangkok,5/12/2021,34.1,27.5,30.9,,44.8,6.38,,,16.7,201.42,,10,39.8,74.09,"Rain, Partially cloudy"
Bangkok,05/13/2021,35.3,27.2,31.6,,43.8,0,,,23.6,194.29,,10,36.3,69.77,Partially cloudy
Bangkok,05/14/2021,36.1,28.7,32.2,,44.4,0,,,16.7,196.46,,10.1,34.5,67.85,Partially cloudy
Bangkok,05/15/2021,35.6,28,31.3,,47,0.4,,,30.7,179.5,51.8,9.7,44.6,73.93,"Rain, Partially cloudy"
Bangkok,05/16/2021,35.6,28.2,31.5,,46.2,1,,,18.4,182.38,,10,40.9,75.1,"Rain, Partially cloudy"
Bangkok,05/17/2021,36.5,27.7,32,,45.2,0,,,14.9,208.17,,10,38.4,68.23,Partially cloudy
Bangkok,05/18/2021,35,29,31.7,,44.5,0.39,,,19.4,173.13,,9.9,42.3,73.17,"Rain, Partially cloudy"
Bangkok,05/19/2021,36.8,25.4,30.6,,45.9,93.82,,,24.1,205.46,,9.4,52.3,75.77,"Rain, Partially cloudy"
Bangkok,05/20/2021,34,26,30.1,,43,79.5,,,17.5,162.71,,11.1,50.1,76.55,"Rain, Partially cloudy"
Bangkok,05/21/2021,35.5,28,31.5,,42.9,0,,,20.7,233.96,,10,40.7,68.69,Partially cloudy
Bangkok,05/22/2021,35.4,28,31.1,,43.2,9,,,24.1,244.29,,10,43,67.14,"Rain, Partially cloudy"
Bangkok,05/23/2021,35.1,28,31.4,,42.6,0,,,19.8,245.54,,10,42.3,63.12,Partially cloudy
Bangkok,05/24/2021,34.7,28,31.4,,42.5,0,,,22.8,238.54,,10,40.6,64.87,Partially cloudy
Bangkok,05/25/2021,34.5,28.8,31,,40.5,9.2,,,26.8,226.46,,10,45.2,66.74,"Rain, Partially cloudy"
Bangkok,05/26/2021,34.7,28.7,31,,42,0,,,18.6,234.54,,10,45.5,66.46,Partially cloudy
Bangkok,05/27/2021,35.2,26.5,30.9,,42.3,19.13,,,19.4,208.48,38.9,9.7,51.4,68.37,"Rain, Partially cloudy"
Bangkok,05/28/2021,32.1,26,28.7,,40.6,10.69,,,14.9,137.21,,9.7,57.8,84.17,"Rain, Partially cloudy"
Bangkok,05/29/2021,34.2,25.7,29.3,,41.3,54.81,,,23.2,189.91,,9.7,54.6,81.09,"Rain, Partially cloudy"
Bangkok,05/30/2021,33.7,26.2,30.2,,41,23.86,,,19.4,203.48,42.5,9.8,45.9,76.7,"Rain, Partially cloudy"
Bangkok,05/31/2021,34.7,28,31.4,,42.2,0,,,19.8,207.13,,10,35.6,68.1,Partially cloudy
Bangkok,6/1/2021,36.2,28.1,31.9,,43.5,10.85,,,17.9,219.29,,9.9,37.2,67.72,"Rain, Partially cloudy"
Bangkok,6/2/2021,37.5,29.1,32.3,,44.8,0.51,,,18.5,220.38,,10,36.8,66.35,"Rain, Partially cloudy"
Bangkok,6/3/2021,36.4,29,32.2,,45,0,,,16.2,202.08,,10,35.8,69.3,Partially cloudy
Bangkok,6/4/2021,36.5,29.1,32.5,,44.9,0,,,21,227.58,,10,35.3,67.88,Partially cloudy
Bangkok,6/5/2021,35.9,29,32,,43.3,10.5,,,23.6,243.79,,9.8,49.1,66.52,"Rain, Partially cloudy"
Bangkok,6/6/2021,35.7,29,31.9,,42.4,2.71,,,29.1,246.79,48.2,9.9,41.2,61.61,"Rain, Partially cloudy"
Bangkok,6/7/2021,34,28.7,31.2,,39.1,0,,,27.3,225.5,,10,48.4,61.04,Partially cloudy
Bangkok,6/8/2021,33.7,26,29.7,,39.8,3.51,,,44.4,223.42,61.7,9.7,58.6,67.98,"Rain, Partially cloudy"
Bangkok,6/9/2021,32.5,26,28.9,,38.5,18.73,,,16.7,206.83,,9.7,62.9,77.55,"Rain, Partially cloudy"
Bangkok,6/10/2021,32,26.2,29.3,,38.4,0.56,,,23.2,227.25,,10,58.7,71.62,"Rain, Partially cloudy"
Bangkok,6/11/2021,32.7,27,29.6,,38.8,2.32,,,21,243.33,42.5,9.9,59.7,68.6,"Rain, Partially cloudy"
Bangkok,6/12/2021,34,27.7,30.1,,40,8.47,,,16.1,245.29,,9.9,62.9,66.55,"Rain, Partially cloudy"
Bangkok,06/13/2021,32.1,25.1,28.5,,37.6,22.04,,,17.5,211.88,,9.6,65,77.04,"Rain, Partially cloudy"
Bangkok,06/14/2021,31.9,26,29.1,,38.1,1.3,,,18,203,,10,59.5,78.39,"Rain, Partially cloudy"
Bangkok,06/15/2021,31.3,26.7,28.8,,37.1,4.32,,,23.2,226.88,,9.9,60,73.92,"Rain, Partially cloudy"
Bangkok,06/16/2021,32.7,26.4,29.5,,39.1,0.25,,,21.4,217.17,,9.9,59,76.62,"Rain, Partially cloudy"
Bangkok,06/17/2021,34.2,27.2,29.9,,41.1,0,,,17.9,250.75,,10,50.6,72.36,Partially cloudy
Bangkok,06/18/2021,35.2,27,30.5,,40.4,0,,,22.2,233.58,,10,41.2,69.56,Partially cloudy
Bangkok,06/19/2021,36,27,31.3,,47.1,3.3,,,30.1,253.96,,9.9,41.3,66.18,"Rain, Partially cloudy"
Bangkok,06/20/2021,36.5,25.7,30.6,,46.2,24.66,,,25.9,214.71,38.9,9.9,43.6,69.8,"Rain, Partially cloudy"
Bangkok,06/21/2021,35.5,26.5,30.8,,43.8,21.51,,,21.3,228.46,,10,36.7,67.8,"Rain, Partially cloudy"
Bangkok,06/22/2021,35,27.5,31.1,,41.8,0,,,22.3,234.13,,10,38.1,64.72,Partially cloudy
Bangkok,06/23/2021,34.5,27,30.6,,40.9,1.32,,,31.6,241.29,,9.9,40.3,66.61,"Rain, Partially cloudy"
Bangkok,06/24/2021,34.5,27.2,30.5,,39.8,0,,,24,256.79,,10,49.2,64.73,Partially cloudy
Bangkok,06/25/2021,34.5,27.7,30.7,,40.7,0,,,18.9,225.13,,10,44.2,63.86,Partially cloudy
Bangkok,06/26/2021,33.7,26.7,30.2,,40.9,4,,,25.8,219,37.1,9.8,47.8,73.51,"Rain, Partially cloudy"
Bangkok,06/27/2021,34.5,27.7,31.3,,41.3,0,,,23.7,201.25,,10,38.2,68.27,Partially cloudy
Bangkok,06/28/2021,33.7,25.4,28.9,,41.5,59.79,,,31,165.78,46.4,9.6,57.9,75.84,"Rain, Partially cloudy"
Bangkok,06/29/2021,35.2,25.7,29.4,,42.6,3.76,,,32,178.92,53.6,9.8,67.9,77.49,"Rain, Partially cloudy"
Bangkok,06/30/2021,34.7,26.2,30.1,,42.3,21,,,24.6,193.67,,9.9,47.1,75.88,"Rain, Partially cloudy"
Bangkok,7/1/2021,34.7,27,31,,41,0,,,37.5,233.29,55.4,9.9,46.4,65.16,Partially cloudy
Bangkok,7/2/2021,35.2,24.7,29.8,,41.7,53.9,,,16.6,172.35,,9.9,51,73.98,"Rain, Partially cloudy"
Bangkok,7/3/2021,36,27.7,31.5,,43.9,0,,,20,261.58,,10,30.7,63.3,Partially cloudy
Bangkok,7/4/2021,37,28.7,32.4,,43.3,0,,,17.5,228.48,,10,32.6,61.27,Partially cloudy
Bangkok,7/5/2021,36,28.7,32.1,,42.1,0,,,25,241.38,,10,38.8,61.89,Partially cloudy
Bangkok,7/6/2021,34.7,26.6,30.5,,42.2,18.07,,,19.8,238.67,,9.7,62.5,70.46,"Rain, Partially cloudy"
Bangkok,7/7/2021,34,27.5,29.8,,39.4,4.42,,,22.8,236.33,,9.9,59.6,71.73,"Rain, Partially cloudy"
Bangkok,7/8/2021,34.5,26.7,29.4,,40.7,21.31,,,18.5,216.63,,9.7,62.5,73.09,"Rain, Partially cloudy"
Bangkok,7/9/2021,32,26,28,,39.2,10.84,,,20.9,144.79,,9.5,73.4,87.39,"Rain, Partially cloudy"
Bangkok,7/10/2021,30.7,26,27.7,,37.3,21.63,,,19.1,127.17,,9.4,72.4,89.04,"Rain, Partially cloudy"
Bangkok,7/11/2021,30.7,24.7,27.2,,36.7,82.29,,,18.9,149.58,,9.2,69.5,88.35,"Rain, Partially cloudy"
Bangkok,7/12/2021,34.1,26,29.7,,40.2,23.74,,,24,164.96,,10,48.7,74.28,"Rain, Partially cloudy"
Bangkok,07/13/2021,34.3,26.7,29.3,,41.7,6.48,,,20.9,213.52,,10,51.3,74.39,"Rain, Partially cloudy"
Bangkok,07/14/2021,30.5,26.2,27.8,,37.5,9.8,,,14.8,146.13,,9.4,56.1,85.67,"Rain, Partially cloudy"
Bangkok,07/15/2021,31.5,25.9,28,,38.4,10.29,,,20.3,214.71,,9.8,65.6,82.61,"Rain, Partially cloudy"
Bangkok,07/16/2021,31.5,26,28.6,,38.6,0,,,15.7,158.67,,10,54.3,79.61,Partially cloudy
Bangkok,07/17/2021,32.7,26,28.9,,39.1,14.59,,,18.5,216.71,,9.6,52.9,77.07,"Rain, Partially cloudy"
Bangkok,07/18/2021,32.7,26,29.3,,40.1,5.46,,,28.2,249.08,,9.9,52.2,73.9,"Rain, Partially cloudy"
Bangkok,07/19/2021,31,27.2,29.2,,35.3,0,,,26.7,246.17,,10,59.5,66.97,Partially cloudy
Bangkok,07/20/2021,32.5,25.2,28.9,,38.3,3.26,,,22.8,220.13,,9.9,60.2,73.49,"Rain, Partially cloudy"
Bangkok,07/21/2021,32.5,27,29.9,,39.2,0,,,27.7,214.67,,10,52.1,71.27,Partially cloudy
Bangkok,07/22/2021,32.7,26,29.6,,38.6,2.31,,,24,211,,9.7,61.9,74.37,"Rain, Partially cloudy"
Bangkok,07/23/2021,32,27,29,,36.6,1.53,,,21.3,212.04,,9.9,72.3,74.6,"Rain, Partially cloudy"
Bangkok,07/24/2021,32.7,26.3,28.7,,38.6,1.82,,,24.6,210.96,44.6,9.8,74.4,81.97,"Rain, Partially cloudy"
Bangkok,07/25/2021,30,26,27.2,,35.6,5.86,,,13.4,230.17,,9.6,72.1,86.01,"Rain, Partially cloudy"
Bangkok,07/26/2021,32.7,26,28.8,,38.7,0.12,,,21.9,202.75,,10,55.1,76.43,"Rain, Partially cloudy"
Bangkok,07/27/2021,33.4,26,29.5,,38.8,1.2,,,25.5,225.22,,10,53.7,71.46,"Rain, Partially cloudy"
Bangkok,07/28/2021,32.7,26,28.9,,40.4,14.22,,,19.1,224.96,,9.6,59.1,82.12,"Rain, Partially cloudy"
Bangkok,07/29/2021,33.7,26.7,29.3,,41.1,6.59,,,19.1,231.17,,9.9,57.2,79.6,"Rain, Partially cloudy"
Bangkok,07/30/2021,33.5,26.7,29.3,,41.3,7.25,,,29.2,238.29,51.8,9.9,54.8,76.53,"Rain, Partially cloudy"
Bangkok,07/31/2021,33.5,27,29.5,,40.6,6.98,,,21.9,242.96,,10,54.3,76.55,"Rain, Partially cloudy"
Bangkok,8/1/2021,33.1,26,30,,40.6,18,,,22.2,231.96,37.1,10,47.8,70.4,"Rain, Partially cloudy"
Bangkok,8/2/2021,33.5,27.2,29.8,,41.5,2.9,,,27.4,226.13,57.6,9.7,55.8,72.42,"Rain, Partially cloudy"
Bangkok,8/3/2021,31.9,27.2,29.4,,39.5,0.36,,,23.6,244.17,,10,51.4,71.38,"Rain, Partially cloudy"
Bangkok,8/4/2021,32.7,27,29.4,,40.3,4.68,,,25,245.5,,10,52.7,74.59,"Rain, Partially cloudy"
Bangkok,8/5/2021,33.5,26.3,29.4,,41.1,25.26,,,26.8,216.17,33.5,9.8,57.3,77.96,"Rain, Partially cloudy"
Bangkok,8/6/2021,33.2,26.2,29.5,,42.4,0.8,,,19.4,229.46,,9.9,53,77.76,"Rain, Partially cloudy"
Bangkok,8/7/2021,33.7,26.2,30,,41.2,9.66,,,19.4,212.67,42.5,10,55.5,73.7,"Rain, Partially cloudy"
Bangkok,8/8/2021,34.5,27,30.6,,42.3,5,,,21.9,231.46,,10.1,45.4,71.18,"Rain, Partially cloudy"
Bangkok,8/9/2021,35.5,27.8,31.5,,43.2,0,,,22.7,244.42,,10.1,40,66.05,Partially cloudy
Bangkok,8/10/2021,35.5,28,31.4,,44.6,0,,,19.8,236.38,,10.1,43.1,67.48,Partially cloudy
Bangkok,8/11/2021,33.9,26.2,29.6,,43.1,21.08,,,18.9,219.33,,9.7,60.5,80.68,"Rain, Partially cloudy"
Bangkok,8/12/2021,32.5,25,28.6,,40.3,88.66,,,21.4,172.92,,11,61.6,82.55,"Rain, Partially cloudy"
Bangkok,08/13/2021,33.7,25.7,29.3,,41.2,22.85,,,30.7,188.67,,10,55.5,78.57,"Rain, Partially cloudy"
Bangkok,08/14/2021,30.8,26,28.3,,37,9.54,,,18.5,167.38,,9.8,62,84.35,"Rain, Partially cloudy"
Bangkok,08/15/2021,31.1,26.8,28.7,,37.4,2.55,,,21.9,188.42,,9.9,66.8,79.82,"Rain, Partially cloudy"
Bangkok,08/16/2021,32.6,25.5,29.2,,39.7,0,,,18.4,215.38,,10,50.6,73.41,Partially cloudy
Bangkok,08/17/2021,34.1,25,29.7,,41.5,0,,,12.1,140.57,,10,42.7,71.67,Partially cloudy
Bangkok,08/18/2021,35.5,26.2,30.6,,42.3,7.13,,,16.1,262.43,,10,43.5,68.96,"Rain, Partially cloudy"
Bangkok,08/19/2021,35.7,26.7,30.6,,41.4,0,,,16.6,229.04,,10,45.4,65.54,Partially cloudy
Bangkok,08/20/2021,34.2,27.2,30,,41.6,28.34,,,18.1,138.74,,9.6,59.4,75.14,"Rain, Partially cloudy"
Bangkok,08/21/2021,32.7,25,29.1,,40,31.87,,,20.9,178.46,,9.8,56.2,78.61,"Rain, Partially cloudy"
Bangkok,08/22/2021,34.5,27.7,30,,41,7.75,,,22.3,185.46,,9.9,47.3,75.83,"Rain, Partially cloudy"
Bangkok,08/23/2021,34.5,27,30.2,,43.5,0,,,21,235.08,,10,41.1,70.54,Partially cloudy
Bangkok,08/24/2021,34.7,26.6,30.1,,42.8,6.43,,,23.7,232.75,,9.9,50.6,70.33,"Rain, Partially cloudy"
Bangkok,08/25/2021,34.5,26,28.9,,40.6,10.8,,,20.3,151.54,,9.9,56.1,80.53,"Rain, Partially cloudy"
Bangkok,08/26/2021,30.7,24.7,27.4,,37.6,29.19,,,18.4,137.91,,9.5,74.1,88.48,"Rain, Partially cloudy"
Bangkok,08/27/2021,28.3,24.7,26.3,,34.6,32.4,,,16.2,134,,9.1,76.7,92.56,"Rain, Overcast"
Bangkok,08/28/2021,29.6,24,26.5,,36.7,39.83,,,15.7,137.25,,9.5,69,90.27,"Rain, Partially cloudy"
Bangkok,08/29/2021,31.3,23.7,27.5,,37.3,29.37,,,9.8,135.83,,9.4,62.3,84.52,"Rain, Partially cloudy"
Bangkok,08/30/2021,32.4,26.2,28.8,,40.3,0.8,,,11.6,158.83,,10,52.2,82.25,"Rain, Partially cloudy"
Bangkok,08/31/2021,30.9,25,28.4,,38.1,16.94,,,12.1,189.79,,9.5,70.2,84.46,"Rain, Partially cloudy"